Data;TMIN;TMAX
01/01/2005;23.3;30.2
03/01/2005;23.0;30.3
04/01/2005;22.6;29.0
05/01/2005;23.2;27.8
05/01/2005;21.2;31.8
06/01/2005;23.6;30.6
07/01/2005;23.6;31.8
07/01/2005;24.2;30.3
09/01/2005;25.7;33.6
11/01/2005;25.4;32.0
11/01/2005;23.3;28.6
13/01/2005;21.0;29.5
14/01/2005;22.8;31.4
15/01/2005;24.8;32.7
15/01/2005;24.5;29.8
17/01/2005;18.9;25.2
19/01/2005;23.2;30.0
21/01/2005;21.8;32.2
23/01/2005;24.6;31.2
24/01/2005;24.8;32.0
25/01/2005;21.6;27.9
26/01/2005;17.9;29.8
28/01/2005;20.3;25.2
30/01/2005;22.2;27.0
01/02/2005;23.0;29.8
02/02/2005;22.0;31.0
03/02/2005;20.9;29.2
04/02/2005;20.8;27.1
05/02/2005;20.6;26.0
06/02/2005;19.5;25.6
07/02/2005;19.8;28.6
08/02/2005;19.8;28.6
09/02/2005;22.8;29.2
10/02/2005;21.9;28.8
11/02/2005;23.8;31.2
12/02/2005;20.1;30.1
14/02/2005;21.2;29.3
15/02/2005;21.2;29.8
16/02/2005;21.9;28.6
18/02/2005;21.5;30.7
19/02/2005;23.3;32.0
20/02/2005;22.1;31.4
21/02/2005;21.8;29.0
22/02/2005;23.3;30.4
23/02/2005;23.6;30.6
26/02/2005;24.3;28.6
27/02/2005;21.4;30.8
01/03/2005;22.0;32.5
02/03/2005;20.9;32.5
03/03/2005;20.2;26.4
05/03/2005;19.8;27.6
07/03/2005;20.9;29.9
09/03/2005;23.7;32.4
11/03/2005;23.4;30.6
13/03/2005;22.8;32.4
14/03/2005;21.8;28.4
15/03/2005;22.1;31.5
16/03/2005;21.7;31.1
18/03/2005;23.4;31.0
20/03/2005;21.4;26.0
22/03/2005;25.6;31.6
24/03/2005;20.1;26.3
25/03/2005;20.7;26.6
26/03/2005;19.4;26.9
27/03/2005;20.2;26.3
28/03/2005;20.2;23.8
30/03/2005;21.8;29.6
01/04/2005;23.6;28.2
03/04/2005;22.9;27.3
04/04/2005;18.0;27.5
06/04/2005;19.8;26.4
08/04/2005;24.9;29.8
10/04/2005;23.3;25.5
12/04/2005;24.8;31.0
14/04/2005;22.7;26.7
15/04/2005;19.3;29.7
16/04/2005;20.1;33.5
17/04/2005;20.1;27.9
19/04/2005;22.7;27.3
22/04/2005;18.6;24.6
23/04/2005;19.1;26.6
24/04/2005;18.0;26.2
25/04/2005;20.8;27.6
28/04/2005;17.2;25.2
29/04/2005;17.5;24.9
01/05/2005;14.4;24.8
03/05/2005;15.3;25.0
05/05/2005;19.4;27.6
06/05/2005;19.1;27.4
07/05/2005;16.8;25.8
09/05/2005;19.3;24.9
11/05/2005;20.4;30.2
12/05/2005;19.6;28.0
13/05/2005;20.3;28.0
14/05/2005;19.7;28.7
15/05/2005;22.1;29.8
16/05/2005;21.3;26.9
17/05/2005;19.6;25.0
19/05/2005;18.7;28.6
20/05/2005;19.2;21.8
23/05/2005;10.8;21.2
25/05/2005;21.1;24.5
26/05/2005;13.0;22.3
27/05/2005;22.3;24.2
29/05/2005;25.0;26.1
31/05/2005;18.9;25.5
02/06/2005;20.2;26.1
04/06/2005;21.9;27.1
05/06/2005;19.5;27.0
06/06/2005;18.8;27.0
07/06/2005;19.2;27.0
08/06/2005;18.1;27.6
10/06/2005;18.2;26.5
11/06/2005;20.6;26.9
12/06/2005;20.4;27.0
13/06/2005;20.3;26.6
14/06/2005;20.7;28.0
15/06/2005;19.1;28.0
16/06/2005;19.1;25.6
17/06/2005;18.7;20.5
18/06/2005;17.7;23.9
19/06/2005;16.3;25.0
20/06/2005;16.0;19.0
21/06/2005;11.4;18.6
22/06/2005;10.2;21.1
23/06/2005;10.4;24.0
24/06/2005;14.2;22.0
25/06/2005;13.6;23.4
26/06/2005;15.2;23.9
27/06/2005;16.5;26.2
28/06/2005;17.7;23.6
29/06/2005;18.2;26.2
30/06/2005;17.5;26.8
01/07/2005;18.0;26.6
02/07/2005;19.1;29.1
03/07/2005;18.1;31.8
04/07/2005;19.7;24.3
05/07/2005;15.8;19.1
06/07/2005;10.7;16.2
07/07/2005;9.9;18.7
08/07/2005;11.7;20.7
09/07/2005;13.8;20.1
10/07/2005;12.8;23.6
11/07/2005;13.6;24.4
12/07/2005;14.4;24.0
13/07/2005;15.1;24.4
14/07/2005;17.2;24.8
15/07/2005;18.0;24.4
16/07/2005;17.7;28.0
17/07/2005;19.3;24.6
18/07/2005;11.4;19.8
19/07/2005;8.8;16.6
20/07/2005;7.0;20.3
21/07/2005;9.2;20.9
22/07/2005;14.8;19.4
23/07/2005;15.8;16.7
24/07/2005;13.0;14.1
25/07/2005;8.6;21.5
26/07/2005;9.1;19.3
27/07/2005;9.4;22.1
28/07/2005;11.3;24.5
29/07/2005;12.8;25.0
30/07/2005;15.4;25.6
31/07/2005;17.5;28.0
01/08/2005;16.5;30.6
02/08/2005;15.8;28.8
03/08/2005;16.1;28.8
04/08/2005;16.3;28.8
07/08/2005;16.0;19.2
09/08/2005;11.2;16.8
11/08/2005;15.6;22.2
13/08/2005;15.0;24.4
14/08/2005;15.5;24.5
15/08/2005;15.8;25.6
16/08/2005;15.2;25.0
19/08/2005;16.2;22.6
21/08/2005;18.8;23.9
23/08/2005;18.1;28.6
24/08/2005;19.4;23.4
25/08/2005;10.6;19.7
27/08/2005;13.8;24.9
29/08/2005;19.4;33.8
31/08/2005;15.5;17.2
02/09/2005;14.1;22.5
04/09/2005;13.0;17.8
05/09/2005;14.0;20.8
06/09/2005;14.4;20.4
09/09/2005;16.5;21.2
11/09/2005;19.5;25.0
13/09/2005;8.9;14.4
15/09/2005;13.8;22.9
16/09/2005;14.4;20.4
17/09/2005;14.0;18.0
19/09/2005;16.6;23.0
21/09/2005;16.8;23.5
23/09/2005;18.4;22.4
24/09/2005;18.9;23.8
26/09/2005;14.6;21.0
27/09/2005;12.3;22.4
28/09/2005;15.4;21.3
29/09/2005;15.9;26.6
29/09/2005;17.2;23.3
30/09/2005;19.1;23.1
01/10/2005;18.3;20.0
03/10/2005;19.4;26.2
04/10/2005;19.4;23.4
05/10/2005;19.4;21.9
07/10/2005;15.8;21.6
09/10/2005;19.5;25.1
11/10/2005;18.3;24.7
13/10/2005;20.8;31.5
15/10/2005;18.5;19.2
16/10/2005;15.7;18.8
17/10/2005;16.6;24.4
19/10/2005;15.9;26.2
21/10/2005;20.2;26.6
23/10/2005;20.5;25.2
25/10/2005;19.8;27.4
27/10/2005;19.2;24.6
28/10/2005;19.2;23.2
29/10/2005;18.1;21.8
31/10/2005;14.8;21.7
01/11/2005;14.8;22.0
03/11/2005;19.0;26.6
05/11/2005;20.0;27.3
06/11/2005;18.8;22.2
07/11/2005;16.9;20.8
08/11/2005;15.7;19.6
09/11/2005;16.7;20.2
10/11/2005;16.2;21.6
11/11/2005;16.0;25.8
12/11/2005;19.7;25.6
13/11/2005;19.6;27.8
14/11/2005;20.9;28.8
15/11/2005;21.9;28.3
16/11/2005;21.6;30.6
17/11/2005;21.1;23.6
18/11/2005;19.6;29.0
19/11/2005;22.9;29.5
20/11/2005;20.2;27.0
21/11/2005;18.0;28.3
22/11/2005;20.5;28.5
23/11/2005;22.4;28.9
24/11/2005;23.5;30.4
26/11/2005;17.2;29.7
28/11/2005;19.3;28.2
30/11/2005;22.0;33.0
01/12/2005;23.4;28.9
02/12/2005;18.8;22.9
04/12/2005;20.9;27.6
06/12/2005;20.8;26.4
08/12/2005;20.4;26.6
10/12/2005;22.2;27.6
12/12/2005;18.8;24.8
13/12/2005;17.7;28.2
14/12/2005;19.8;27.1
16/12/2005;22.0;29.4
18/12/2005;20.8;28.8
19/12/2005;21.6;31.8
22/12/2005;20.8;29.8
23/12/2005;23.7;30.2
24/12/2005;22.2;29.2
25/12/2005;17.8;26.4
27/12/2005;18.9;26.5
29/12/2005;20.7;29.7
30/12/2005;23.1;30.6
31/12/2005;23.0;31.7
01/01/2006;21.2;31.4
02/01/2006;22.0;30.0
03/01/2006;20.6;28.9
09/01/2006;24.5;31.4
13/01/2006;25.4;32.8
14/01/2006;23.6;33.8
17/01/2006;24.2;32.1
19/01/2006;20.4;31.7
21/01/2006;25.0;33.8
23/01/2006;22.9;25.5
24/01/2006;21.7;28.4
25/01/2006;23.3;31.7
26/01/2006;23.2;29.6
28/01/2006;22.6;30.0
30/01/2006;21.6;33.6
01/02/2006;21.8;31.4
03/02/2006;23.0;32.6
05/02/2006;25.6;32.7
06/02/2006;24.4;34.2
07/02/2006;22.7;26.8
09/02/2006;22.1;27.1
11/02/2006;19.2;28.8
13/02/2006;21.3;30.3
15/02/2006;22.8;29.4
16/02/2006;23.2;27.4
17/02/2006;22.6;30.6
18/02/2006;22.0;30.9
20/02/2006;22.2;29.8
22/02/2006;20.5;31.0
22/02/2006;21.6;
23/02/2006;21.3;30.9
24/02/2006;22.3;31.6
25/02/2006;23.2;31.8
26/02/2006;20.3;31.0
27/02/2006;20.4;29.2
28/02/2006;20.7;31.2
01/03/2006;24.2;29.9
02/03/2006;23.3;31.6
03/03/2006;24.4;31.6
04/03/2006;23.5;34.4
05/03/2006;23.8;30.0
06/03/2006;21.3;29.5
06/03/2006;22.0;
07/03/2006;20.8;31.2
08/03/2006;23.6;33.0
09/03/2006;25.3;33.0
10/03/2006;22.6;29.6
11/03/2006;20.1;27.4
12/03/2006;19.5;29.9
13/03/2006;19.9;29.4
14/03/2006;21.5;30.8
15/03/2006;21.0;30.8
16/03/2006;23.8;32.0
17/03/2006;23.8;32.4
18/03/2006;25.2;32.1
19/03/2006;25.0;32.2
20/03/2006;25.3;31.1
22/03/2006;22.8;29.4
24/03/2006;23.4;35.0
26/03/2006;20.5;26.5
28/03/2006;20.6;27.8
30/03/2006;18.3;27.0
31/03/2006;17.5;28.2
01/04/2006;19.6;29.9
03/04/2006;19.8;27.8
05/04/2006;19.4;28.4
07/04/2006;20.3;26.2
09/04/2006;20.0;29.7
11/04/2006;19.0;28.4
12/04/2006;18.9;29.2
13/04/2006;17.8;29.2
15/04/2006;20.4;29.3
17/04/2006;17.4;23.3
19/04/2006;16.6;26.4
21/04/2006;19.0;24.7
23/04/2006;15.1;23.6
24/04/2006;15.3;27.1
25/04/2006;19.4;28.1
27/04/2006;16.2;26.2
01/05/2006;18.4;22.2
03/05/2006;13.0;26.0
04/05/2006;13.7;25.2
05/05/2006;12.1;25.0
06/05/2006;14.5;25.5
08/05/2006;14.5;23.2
10/05/2006;16.2;23.6
16/05/2006;13.2;23.4
18/05/2006;15.0;25.3
19/05/2006;14.1;26.5
20/05/2006;16.7;23.0
22/05/2006;13.0;15.3
24/05/2006;12.8;20.9
25/05/2006;13.3;22.7
27/05/2006;15.3;28.5
29/05/2006;14.7;24.0
30/05/2006;17.7;25.6
31/05/2006;17.5;27.8
02/06/2006;13.8;22.8
04/06/2006;17.1;21.1
05/06/2006;17.3;19.7
06/06/2006;15.9;21.4
08/06/2006;18.8;25.5
09/06/2006;18.9;25.4
10/06/2006;16.0;24.3
11/06/2006;16.6;20.7
12/06/2006;12.2;
13/06/2006;13.8;24.4
15/06/2006;15.5;26.8
17/06/2006;14.7;18.3
18/06/2006;15.5;21.2
19/06/2006;15.8;24.4
20/06/2006;16.9;25.6
21/06/2006;17.9;25.9
23/06/2006;16.3;23.0
25/06/2006;18.0;24.2
27/06/2006;11.3;19.8
29/06/2006;12.5;16.4
30/06/2006;12.9;20.0
01/07/2006;13.3;23.8
03/07/2006;14.4;24.0
05/07/2006;12.9;24.4
07/07/2006;17.2;23.6
08/07/2006;15.3;28.9
10/07/2006;16.2;20.0
11/07/2006;15.4;20.6
12/07/2006;17.6;25.2
14/07/2006;17.9;24.4
16/07/2006;18.0;21.6
18/07/2006;15.5;24.7
20/07/2006;15.6;24.1
22/07/2006;14.6;30.3
23/07/2006;16.0;30.9
24/07/2006;17.1;21.6
26/07/2006;18.4;26.3
28/07/2006;18.8;26.4
29/07/2006;14.1;19.4
02/08/2006;11.8;18.0
03/08/2006;11.3;21.2
04/08/2006;14.6;23.8
06/08/2006;18.2;25.0
08/08/2006;17.6;25.6
10/08/2006;18.1;24.4
12/08/2006;18.4;25.7
14/08/2006;18.4;29.0
15/08/2006;19.6;23.2
16/08/2006;15.0;18.2
18/08/2006;15.7;21.6
20/08/2006;11.7;22.9
22/08/2006;5.8;19.5
24/08/2006;9.9;25.7
26/08/2006;17.2;24.1
27/08/2006;16.1;22.0
28/08/2006;12.8;18.2
29/08/2006;9.8;19.8
30/08/2006;10.9;21.4
31/08/2006;13.8;18.7
02/09/2006;17.2;28.6
04/09/2006;8.9;16.8
05/09/2006;6.1;17.2
06/09/2006;6.8;19.2
08/09/2006;7.9;20.6
10/09/2006;14.7;24.8
12/09/2006;18.3;35.2
14/09/2006;17.7;28.0
16/09/2006;16.7;19.8
17/09/2006;13.8;17.8
18/09/2006;15.4;24.6
19/09/2006;15.9;24.6
21/09/2006;15.2;26.0
23/09/2006;17.4;25.9
25/09/2006;13.6;20.0
26/09/2006;12.2;21.8
27/09/2006;13.6;23.0
29/09/2006;16.3;20.4
01/10/2006;16.3;20.4
03/10/2006;16.7;23.4
05/10/2006;18.5;26.2
07/10/2006;16.8;23.8
08/10/2006;17.3;21.3
09/10/2006;16.8;25.0
11/10/2006;19.7;28.9
13/10/2006;18.7;23.8
15/10/2006;20.2;27.2
17/10/2006;16.7;22.9
19/10/2006;21.2;22.1
20/10/2006;17.0;19.6
21/10/2006;15.9;23.9
23/10/2006;18.0;25.2
25/10/2006;19.2;28.3
27/10/2006;15.6;25.0
29/10/2006;16.5;27.8
31/10/2006;20.4;28.6
01/11/2006;21.1;24.9
02/11/2006;20.8;27.2
04/11/2006;18.9;22.7
06/11/2006;19.6;23.9
08/11/2006;15.4;22.9
10/11/2006;12.1;26.3
12/11/2006;16.0;23.9
13/11/2006;17.7;25.5
16/11/2006;21.4;31.8
18/11/2006;21.9;25.8
20/11/2006;17.2;22.8
22/11/2006;18.4;
22/11/2006;20.1;31.9
23/11/2006;19.8;28.7
24/11/2006;20.6;29.1
25/11/2006;22.1;27.1
26/11/2006;21.9;28.0
27/11/2006;20.4;21.2
28/11/2006;18.4;22.6
29/11/2006;19.7;22.8
30/11/2006;18.5;22.6
01/12/2006;17.5;26.2
02/12/2006;19.8;26.4
03/12/2006;21.0;29.0
04/12/2006;22.4;32.1
05/12/2006;20.8;29.1
06/12/2006;22.8;26.1
07/12/2006;19.5;25.5
08/12/2006;17.8;23.7
09/12/2006;19.2;27.8
10/12/2006;21.9;28.1
11/12/2006;21.0;26.9
12/12/2006;19.9;27.9
13/12/2006;21.2;25.8
14/12/2006;22.3;29.2
15/12/2006;22.8;30.8
16/12/2006;23.8;31.4
17/12/2006;24.2;32.4
18/12/2006;24.3;31.4
19/12/2006;24.2;33.4
20/12/2006;24.4;34.2
21/12/2006;24.4;26.8
22/12/2006;21.9;27.5
23/12/2006;22.2;30.0
24/12/2006;23.3;29.6
25/12/2006;22.5;32.5
26/12/2006;21.2;31.7
27/12/2006;21.3;29.6
28/12/2006;21.5;32.1
29/12/2006;22.6;30.7
30/12/2006;21.5;31.8
01/01/2007;22.7;29.8
03/01/2007;23.4;28.4
04/01/2007;22.8;29.5
05/01/2007;23.1;30.9
06/01/2007;23.8;30.5
07/01/2007;21.9;26.6
08/01/2007;20.2;29.4
09/01/2007;21.5;28.5
10/01/2007;22.5;30.7
11/01/2007;22.5;30.7
12/01/2007;22.9;31.7
13/01/2007;20.1;30.7
14/01/2007;21.7;29.1
16/01/2007;19.8;28.4
18/01/2007;22.1;32.8
19/01/2007;20.9;32.0
21/01/2007;21.3;26.0
23/01/2007;19.8;28.7
25/01/2007;23.1;31.6
26/01/2007;23.9;31.9
27/01/2007;24.4;34.4
29/01/2007;24.0;25.3
31/01/2007;21.4;27.7
02/02/2007;19.8;29.9
04/02/2007;20.2;31.1
06/02/2007;23.5;34.7
07/02/2007;23.3;31.0
08/02/2007;22.9;30.7
09/02/2007;23.1;27.3
10/02/2007;22.5;32.0
11/02/2007;21.5;27.7
13/02/2007;18.7;26.9
15/02/2007;20.4;29.9
16/02/2007;24.8;
16/02/2007;22.1;38.8
17/02/2007;24.1;30.4
19/02/2007;17.7;23.9
21/02/2007;21.8;27.2
24/02/2007;24.4;31.8
26/02/2007;22.2;30.4
27/02/2007;24.0;31.6
28/02/2007;24.4;33.1
02/03/2007;26.0;35.2
04/03/2007;23.7;31.1
05/03/2007;24.7;32.9
06/03/2007;23.8;33.3
08/03/2007;23.9;32.5
09/03/2007;25.2;33.7
10/03/2007;23.3;30.9
11/03/2007;22.4;29.0
15/03/2007;22.7;31.6
17/03/2007;21.5;25.5
18/03/2007;20.2;29.1
20/03/2007;21.2;31.8
21/03/2007;20.9;29.1
22/03/2007;20.1;29.3
24/03/2007;23.6;32.8
26/03/2007;20.6;30.5
28/03/2007;23.6;34.1
30/03/2007;23.6;32.6
01/04/2007;22.7;28.6
02/04/2007;20.9;29.1
03/04/2007;22.6;31.0
05/04/2007;20.2;28.0
07/04/2007;19.8;24.9
09/04/2007;19.7;27.6
11/04/2007;19.7;28.8
13/04/2007;22.2;24.9
14/04/2007;19.7;24.9
15/04/2007;21.2;27.1
17/04/2007;20.8;30.2
19/04/2007;21.8;29.9
21/04/2007;21.3;31.0
22/04/2007;21.2;30.8
23/04/2007;21.1;30.7
24/04/2007;23.2;27.8
25/04/2007;20.8;26.8
27/04/2007;11.3;23.9
29/04/2007;17.1;26.3
01/05/2007;16.7;28.0
03/05/2007;19.9;25.8
04/05/2007;18.7;24.4
05/05/2007;19.3;29.6
06/05/2007;19.4;30.0
08/05/2007;14.5;16.7
10/05/2007;12.1;23.2
12/05/2007;13.2;25.7
14/05/2007;15.2;21.5
15/05/2007;16.7;22.4
16/05/2007;17.9;23.5
17/05/2007;14.3;18.1
18/05/2007;14.5;17.4
20/05/2007;15.9;21.9
22/05/2007;17.8;26.9
23/05/2007;17.6;20.8
26/05/2007;10.4;22.9
27/05/2007;14.1;20.5
28/05/2007;13.7;19.9
29/05/2007;8.9;17.9
01/06/2007;13.1;21.7
02/06/2007;14.6;19.4
04/06/2007;7.5;21.9
05/06/2007;9.4;23.3
06/06/2007;9.4;23.2
08/06/2007;15.0;21.6
10/06/2007;17.6;27.2
12/06/2007;16.4;28.3
13/06/2007;16.6;29.3
14/06/2007;17.7;29.2
15/06/2007;16.2;28.0
17/06/2007;11.9;18.2
21/06/2007;15.9;27.4
23/06/2007;17.3;27.2
25/06/2007;10.6;15.7
26/06/2007;11.7;18.8
27/06/2007;14.3;20.8
29/06/2007;10.5;21.6
01/07/2007;12.8;16.4
04/07/2007;13.5;24.9
05/07/2007;12.4;27.2
06/07/2007;14.4;29.6
07/07/2007;16.8;31.0
08/07/2007;17.2;21.5
09/07/2007;15.2;18.9
10/07/2007;15.2;22.8
11/07/2007;10.5;15.6
12/07/2007;9.2;14.4
13/07/2007;10.0;18.5
14/07/2007;13.0;21.9
15/07/2007;13.2;18.7
16/07/2007;11.7;16.0
17/07/2007;13.7;21.5
18/07/2007;13.7;19.6
19/07/2007;8.2;20.7
20/07/2007;10.7;23.6
21/07/2007;19.2;22.0
22/07/2007;14.6;17.9
23/07/2007;13.9;17.8
24/07/2007;7.4;15.6
25/07/2007;9.6;17.6
26/07/2007;6.4;17.7
28/07/2007;8.9;14.8
29/07/2007;4.2;17.2
30/07/2007;7.6;17.8
01/08/2007;11.4;22.4
03/08/2007;14.6;23.6
05/08/2007;10.7;15.1
07/08/2007;13.9;18.6
09/08/2007;12.4;22.4
10/08/2007;15.8;22.6
11/08/2007;13.8;15.8
13/08/2007;13.2;21.2
15/08/2007;15.2;22.3
17/08/2007;15.7;20.8
19/08/2007;15.4;22.0
21/08/2007;9.4;18.6
22/08/2007;11.3;19.0
23/08/2007;14.4;21.2
25/08/2007;17.3;20.7
27/08/2007;16.0;19.4
29/08/2007;11.9;17.3
31/08/2007;14.6;18.3
02/09/2007;16.1;22.2
03/09/2007;15.5;23.1
04/09/2007;16.6;25.3
06/09/2007;18.4;25.6
08/09/2007;19.7;25.0
09/09/2007;17.8;26.3
11/09/2007;19.8;25.7
13/09/2007;19.2;26.4
14/09/2007;20.4;26.0
15/09/2007;18.4;26.7
17/09/2007;18.1;20.6
19/09/2007;17.9;25.0
21/09/2007;19.9;22.7
23/09/2007;18.9;22.8
25/09/2007;11.8;21.2
26/09/2007;14.0;19.1
27/09/2007;16.7;21.2
30/09/2007;14.3;27.5
01/10/2007;15.1;24.7
03/10/2007;19.0;24.4
04/10/2007;19.9;25.2
05/10/2007;19.6;25.0
06/10/2007;20.2;25.5
08/10/2007;19.7;23.5
10/10/2007;20.9;27.2
12/10/2007;19.9;25.8
14/10/2007;17.5;20.8
16/10/2007;18.2;23.6
17/10/2007;19.3;24.6
18/10/2007;18.1;25.6
20/10/2007;20.2;26.6
22/10/2007;19.1;24.9
24/10/2007;18.2;22.5
26/10/2007;18.0;32.8
28/10/2007;20.9;27.7
29/10/2007;21.1;24.6
30/10/2007;19.5;27.0
01/11/2007;21.0;24.4
05/11/2007;16.3;22.3
07/11/2007;19.5;27.8
09/11/2007;21.7;27.7
10/11/2007;21.3;33.8
11/11/2007;17.0;25.0
13/11/2007;17.2;24.2
15/11/2007;16.5;21.2
17/11/2007;18.7;23.3
19/11/2007;20.3;28.0
21/11/2007;17.4;27.9
22/11/2007;18.4;27.9
23/11/2007;19.6;26.8
26/11/2007;21.3;23.2
27/11/2007;16.1;27.8
29/11/2007;17.4;26.8
30/11/2007;18.3;27.1
01/12/2007;19.2;29.3
04/12/2007;21.8;26.5
07/12/2007;18.6;27.7
09/12/2007;23.9;31.4
11/12/2007;22.2;27.4
13/12/2007;18.8;25.8
15/12/2007;18.7;29.5
16/12/2007;21.5;30.4
17/12/2007;20.8;24.0
18/12/2007;19.9;27.8
22/12/2007;21.5;31.4
22/12/2007;21.5;31.4
24/12/2007;23.8;30.6
25/12/2007;23.8;31.5
27/12/2007;24.8;34.1
28/12/2007;24.4;34.3
29/12/2007;24.3;34.2
31/12/2007;23.7;
03/01/2008;24.2;30.3
05/01/2008;24.4;29.8
07/01/2008;20.2;30.6
09/01/2008;24.1;31.4
10/01/2008;23.6;32.2
11/01/2008;26.0;34.3
13/01/2008;21.8;27.1
15/01/2008;22.8;33.8
16/01/2008;24.3;31.0
18/01/2008;22.3;30.3
20/01/2008;21.4;26.3
21/01/2008;21.1;26.0
22/01/2008;19.8;27.3
24/01/2008;19.8;26.9
26/01/2008;20.1;26.8
28/01/2008;20.2;27.8
29/01/2008;22.1;26.8
31/01/2008;20.5;22.5
01/02/2008;20.4;27.1
02/02/2008;21.7;28.7
04/02/2008;17.3;26.8
06/02/2008;19.8;30.0
08/02/2008;21.6;29.0
10/02/2008;24.2;32.2
12/02/2008;21.2;30.3
13/02/2008;23.3;31.2
15/02/2008;24.2;31.2
17/02/2008;24.3;31.9
19/02/2008;22.5;29.6
21/02/2008;23.4;29.9
22/02/2008;22.1;30.1
23/02/2008;23.3;29.8
24/02/2008;22.8;30.0
26/02/2008;22.2;28.0
28/02/2008;22.8;27.9
29/02/2008;23.0;25.0
01/03/2008;21.0;32.8
02/03/2008;23.3;33.0
03/03/2008;21.7;31.8
04/03/2008;22.9;31.2
07/03/2008;24.5;32.4
09/03/2008;23.7;32.3
11/03/2008;25.1;29.4
13/03/2008;20.1;26.8
14/03/2008;20.9;26.9
15/03/2008;20.2;21.3
17/03/2008;19.4;26.9
18/03/2008;21.7;24.4
19/03/2008;22.0;29.9
22/03/2008;23.8;31.3
23/03/2008;22.6;25.8
24/03/2008;20.0;25.9
25/03/2008;21.0;25.8
26/03/2008;20.9;27.9
27/03/2008;20.6;30.6
29/03/2008;21.5;27.8
31/03/2008;17.7;25.2
02/04/2008;20.8;29.6
03/04/2008;20.7;26.3
04/04/2008;17.3;25.8
06/04/2008;18.6;27.8
08/04/2008;21.2;30.4
10/04/2008;22.9;31.4
13/04/2008;21.5;30.4
14/04/2008;18.8;19.7
15/04/2008;14.8;22.6
16/04/2008;17.1;20.2
18/04/2008;15.9;25.6
20/04/2008;19.1;20.4
22/04/2008;19.3;28.8
23/04/2008;17.8;27.0
24/04/2008;19.4;27.8
25/04/2008;17.2;30.7
26/04/2008;21.8;27.7
27/04/2008;21.3;28.1
29/04/2008;19.7;22.6
01/05/2008;13.3;21.7
02/05/2008;16.3;21.1
03/05/2008;15.4;22.8
04/05/2008;15.8;25.6
05/05/2008;16.2;25.6
07/05/2008;12.5;23.4
08/05/2008;14.4;23.5
09/05/2008;14.9;21.8
10/05/2008;12.1;22.1
11/05/2008;13.1;22.2
12/05/2008;15.4;22.6
13/05/2008;15.3;24.1
14/05/2008;14.4;25.5
15/05/2008;15.7;26.4
16/05/2008;15.0;23.4
17/05/2008;13.6;24.9
18/05/2008;15.8;19.0
19/05/2008;17.4;30.9
20/05/2008;19.5;27.9
21/05/2008;19.8;32.1
22/05/2008;19.6;33.7
22/05/2008;19.6;33.7
23/05/2008;19.1;31.2
24/05/2008;19.7;31.0
25/05/2008;22.2;25.2
26/05/2008;14.4;22.6
27/05/2008;17.0;24.9
28/05/2008;20.4;25.9
29/05/2008;20.6;23.6
30/05/2008;13.4;18.8
31/05/2008;11.8;19.1
01/06/2008;11.8;19.4
02/06/2008;14.9;20.5
03/06/2008;15.6;18.0
04/06/2008;14.1;23.0
05/06/2008;15.1;25.6
06/06/2008;16.4;27.5
07/06/2008;14.4;22.2
08/06/2008;16.2;25.1
09/06/2008;16.9;30.1
10/06/2008;13.3;21.8
11/06/2008;10.1;20.1
12/06/2008;12.2;19.9
12/06/2008;12.2;19.9
13/06/2008;13.8;22.6
14/06/2008;15.1;25.1
15/06/2008;16.3;20.4
16/06/2008;7.3;16.5
17/06/2008;7.7;17.4
18/06/2008;10.0;20.4
19/06/2008;12.4;19.6
20/06/2008;14.9;24.4
21/06/2008;15.2;21.4
22/06/2008;10.0;20.5
23/06/2008;11.9;19.2
24/06/2008;12.6;18.6
25/06/2008;14.5;18.5
26/06/2008;14.1;20.4
27/06/2008;15.0;21.3
28/06/2008;17.6;20.6
29/06/2008;16.6;22.6
30/06/2008;16.2;22.4
01/07/2008;16.3;22.0
02/07/2008;13.3;25.0
03/07/2008;16.5;20.4
05/07/2008;15.0;23.3
06/07/2008;13.7;22.4
07/07/2008;14.5;23.7
08/07/2008;17.7;23.8
09/07/2008;18.0;24.5
10/07/2008;17.9;25.0
11/07/2008;16.1;24.2
12/07/2008;17.7;23.1
13/07/2008;17.6;24.2
14/07/2008;16.8;25.5
15/07/2008;17.6;24.7
16/07/2008;15.9;24.4
17/07/2008;16.1;29.7
18/07/2008;14.2;30.6
19/07/2008;16.5;23.4
20/07/2008;17.2;23.6
21/07/2008;21.8;23.6
22/07/2008;18.6;24.4
23/07/2008;15.8;21.2
24/07/2008;16.4;24.4
25/07/2008;14.0;20.9
26/07/2008;10.6;21.6
27/07/2008;15.4;23.9
28/07/2008;16.7;22.9
29/07/2008;16.5;20.8
30/07/2008;18.5;22.0
31/07/2008;17.7;18.8
01/08/2008;16.7;20.6
02/08/2008;17.2;28.4
03/08/2008;16.4;20.7
04/08/2008;12.2;20.0
05/08/2008;13.8;25.5
06/08/2008;14.8;20.0
07/08/2008;16.6;23.4
08/08/2008;16.5;18.6
09/08/2008;13.5;16.0
10/08/2008;13.6;19.9
11/08/2008;15.9;22.6
12/08/2008;18.7;23.8
13/08/2008;15.7;17.6
14/08/2008;16.2;20.8
15/08/2008;17.1;24.2
16/08/2008;20.6;21.1
17/08/2008;17.3;29.8
18/08/2008;17.7;25.6
19/08/2008;19.1;28.0
20/08/2008;19.4;24.7
21/08/2008;18.9;26.9
22/08/2008;14.6;15.8
23/08/2008;13.6;18.9
24/08/2008;15.0;20.4
25/08/2008;17.2;22.6
26/08/2008;16.8;22.9
27/08/2008;15.2;24.0
28/08/2008;17.9;23.2
29/08/2008;18.6;23.4
30/08/2008;11.5;20.8
31/08/2008;11.5;23.1
01/09/2008;15.5;22.9
02/09/2008;18.4;24.8
03/09/2008;17.2;33.0
04/09/2008;18.6;22.0
05/09/2008;13.9;16.9
06/09/2008;13.8;21.1
07/09/2008;11.8;21.8
08/09/2008;11.6;20.3
09/09/2008;14.0;20.7
10/09/2008;15.0;22.8
11/09/2008;18.4;22.8
12/09/2008;19.7;21.0
13/09/2008;10.5;16.2
14/09/2008;11.0;20.6
15/09/2008;13.8;19.4
16/09/2008;12.9;21.2
17/09/2008;12.5;21.0
18/09/2008;12.7;22.0
19/09/2008;14.6;23.6
20/09/2008;16.2;21.0
21/09/2008;17.0;22.4
22/09/2008;13.3;23.5
23/09/2008;11.7;22.5
24/09/2008;15.2;22.4
25/09/2008;15.6;21.1
26/09/2008;16.4;22.0
27/09/2008;16.4;21.0
28/09/2008;16.2;22.6
29/09/2008;16.7;23.5
30/09/2008;19.4;22.9
01/10/2008;18.9;23.5
02/10/2008;19.3;29.3
03/10/2008;18.3;22.3
04/10/2008;18.0;19.4
05/10/2008;17.8;21.2
06/10/2008;16.9;22.8
07/10/2008;16.8;27.9
08/10/2008;15.0;21.2
09/10/2008;14.2;21.3
10/10/2008;16.4;21.3
11/10/2008;18.1;21.6
12/10/2008;19.0;24.9
13/10/2008;20.6;27.5
14/10/2008;20.9;28.0
15/10/2008;20.6;25.3
16/10/2008;20.0;23.8
17/10/2008;17.5;19.2
18/10/2008;16.9;19.9
19/10/2008;16.9;20.9
20/10/2008;15.8;24.4
21/10/2008;18.5;24.5
22/10/2008;21.0;25.8
23/10/2008;20.6;25.0
24/10/2008;20.6;25.2
25/10/2008;21.2;24.1
26/10/2008;21.8;24.4
27/10/2008;20.1;25.5
28/10/2008;18.9;24.1
29/10/2008;19.3;23.4
30/10/2008;19.4;24.2
31/10/2008;17.5;24.7
01/11/2008;17.6;24.2
02/11/2008;19.2;21.9
03/11/2008;20.0;25.0
04/11/2008;19.9;25.9
05/11/2008;21.8;28.2
06/11/2008;21.4;26.7
07/11/2008;21.4;26.8
08/11/2008;20.4;26.0
09/11/2008;21.3;40.1
11/11/2008;21.3;25.0
12/11/2008;20.0;20.7
13/11/2008;17.3;22.8
14/11/2008;17.4;22.8
15/11/2008;20.6;30.1
16/11/2008;19.8;20.2
17/11/2008;17.1;23.2
18/11/2008;16.6;25.6
19/11/2008;17.5;23.2
20/11/2008;17.7;19.8
21/11/2008;18.1;21.0
22/11/2008;18.0;22.0
23/11/2008;19.0;22.5
24/11/2008;18.4;23.8
25/11/2008;20.7;26.2
26/11/2008;20.7;25.6
27/11/2008;20.9;26.2
28/11/2008;20.8;26.6
29/11/2008;21.5;26.0
30/11/2008;20.5;27.2
01/12/2008;21.9;27.5
02/12/2008;21.1;25.4
03/12/2008;18.5;25.0
04/12/2008;16.4;24.6
05/12/2008;18.3;24.0
06/12/2008;18.9;26.6
07/12/2008;21.3;27.7
08/12/2008;21.3;27.5
09/12/2008;22.8;28.5
10/12/2008;23.1;26.6
11/12/2008;21.6;26.6
12/12/2008;20.2;25.2
13/12/2008;18.5;25.5
14/12/2008;20.7;26.2
15/12/2008;20.5;26.6
16/12/2008;19.2;23.8
17/12/2008;19.9;26.0
18/12/2008;19.2;
19/12/2008;20.4;27.1
20/12/2008;21.5;29.5
21/12/2008;21.3;30.0
22/12/2008;23.6;30.1
23/12/2008;23.9;30.0
24/12/2008;24.6;30.4
25/12/2008;22.4;26.6
26/12/2008;19.6;27.4
27/12/2008;20.1;27.4
28/12/2008;20.6;29.2
29/12/2008;22.9;33.4
30/12/2008;22.5;27.5
31/12/2008;22.7;31.1
01/01/2009;24.6;28.2
02/01/2009;21.8;23.6
03/01/2009;20.3;21.7
05/01/2009;16.7;26.0
06/01/2009;19.4;27.2
07/01/2009;21.4;28.2
08/01/2009;21.6;32.2
09/01/2009;22.0;30.2
10/01/2009;17.6;28.4
11/01/2009;22.2;27.8
12/01/2009;22.4;34.0
13/01/2009;22.0;31.2
14/01/2009;21.0;32.2
15/01/2009;23.4;32.2
16/01/2009;22.0;30.0
17/01/2009;21.0;30.0
18/01/2009;21.4;31.2
19/01/2009;23.8;28.2
20/01/2009;22.2;26.0
21/01/2009;20.0;27.0
22/01/2009;20.2;28.0
23/01/2009;21.0;27.6
26/01/2009;23.8;28.2
27/01/2009;23.0;29.4
28/01/2009;24.2;28.6
29/01/2009;24.6;31.2
30/01/2009;24.0;
02/02/2009;23.6;31.0
06/02/2009;23.4;
09/02/2009;23.6;28.4
10/02/2009;22.9;27.8
11/02/2009;25.1;30.0
12/02/2009;22.6;27.8
13/02/2009;19.6;27.7
14/02/2009;21.0;29.8
15/02/2009;21.0;29.8
16/02/2009;23.1;29.0
17/02/2009;24.6;29.4
18/02/2009;25.4;30.4
19/02/2009;25.4;30.5
20/02/2009;25.0;31.3
21/02/2009;25.2;32.1
22/02/2009;23.8;32.8
23/02/2009;25.8;34.0
24/02/2009;23.0;25.8
01/05/2009;18.1;22.9
02/05/2009;18.2;24.9
03/05/2009;15.4;26.6
04/05/2009;17.2;26.7
05/05/2009;17.7;29.8
06/05/2009;18.4;27.6
07/05/2009;14.0;25.6
08/05/2009;14.4;24.4
09/05/2009;17.9;23.2
10/05/2009;17.7;28.0
11/05/2009;19.0;28.9
12/05/2009;19.0;31.6
13/05/2009;19.0;28.2
14/05/2009;20.8;23.5
15/05/2009;13.2;23.4
16/05/2009;12.0;21.8
17/05/2009;11.0;24.0
18/05/2009;13.8;26.4
19/05/2009;16.3;24.8
20/05/2009;15.8;25.7
21/05/2009;16.2;27.2
22/05/2009;17.4;27.7
23/05/2009;17.7;27.6
24/05/2009;17.0;27.8
25/05/2009;19.4;24.8
25/05/2009;9.6;14.9
26/05/2009;17.6;28.0
27/05/2009;18.0;20.5
28/05/2009;15.8;
29/05/2009;14.6;20.8
30/05/2009;13.9;20.1
31/05/2009;15.6;22.7
01/06/2009;8.8;20.7
02/06/2009;7.2;20.3
03/06/2009;5.5;19.7
04/06/2009;10.4;21.5
05/06/2009;11.2;26.1
06/06/2009;11.7;21.2
07/06/2009;13.9;21.8
08/06/2009;10.8;22.4
09/06/2009;15.6;23.0
10/06/2009;16.8;22.3
11/06/2009;16.2;20.6
12/06/2009;13.7;20.5
13/06/2009;9.9;22.5
14/06/2009;11.0;22.9
15/06/2009;11.7;22.2
16/06/2009;13.4;17.9
17/06/2009;11.8;22.5
18/06/2009;15.4;23.4
19/06/2009;13.1;23.6
20/06/2009;14.3;24.4
21/06/2009;14.8;24.3
22/06/2009;16.6;24.5
23/06/2009;17.5;23.1
24/06/2009;16.2;18.2
25/06/2009;13.9;18.4
26/06/2009;14.8;19.4
27/06/2009;13.1;15.8
28/06/2009;14.1;19.4
29/06/2009;15.3;22.0
30/06/2009;17.6;25.4
01/07/2009;7.4;22.6
02/07/2009;13.4;22.7
03/07/2009;11.0;22.2
04/07/2009;10.5;22.9
05/07/2009;11.8;21.3
06/07/2009;16.4;21.3
07/07/2009;17.8;22.8
08/07/2009;18.7;26.8
09/07/2009;17.6;19.9
10/07/2009;16.0;20.6
11/07/2009;16.8;18.0
12/07/2009;11.1;19.2
13/07/2009;10.9;21.6
14/07/2009;12.1;19.3
15/07/2009;13.0;20.0
16/07/2009;13.8;19.6
17/07/2009;16.0;25.8
18/07/2009;15.2;20.4
19/07/2009;12.9;21.1
20/07/2009;11.0;21.1
21/07/2009;13.4;20.9
22/07/2009;15.8;22.9
23/07/2009;14.7;16.8
23/07/2009;14.7;16.8
24/07/2009;9.1;16.0
25/07/2009;9.6;14.9
26/07/2009;11.1;18.4
27/07/2009;13.4;16.5
28/07/2009;13.8;15.9
29/07/2009;13.8;19.4
30/07/2009;11.6;18.4
31/07/2009;11.4;14.4
01/08/2009;11.8;18.9
02/08/2009;13.9;21.9
03/08/2009;13.4;23.4
04/08/2009;10.9;21.2
05/08/2009;12.4;22.3
06/08/2009;16.0;23.4
07/08/2009;14.3;20.5
08/08/2009;15.2;24.9
09/08/2009;17.2;19.5
10/08/2009;17.1;21.5
11/08/2009;11.0;21.0
12/08/2009;11.7;22.2
13/08/2009;14.4;22.8
14/08/2009;15.3;24.8
15/08/2009;16.6;24.8
16/08/2009;15.4;25.4
17/08/2009;17.4;29.2
18/08/2009;17.2;20.4
19/08/2009;17.0;24.0
20/08/2009;16.4;25.2
21/08/2009;14.2;22.2
22/08/2009;11.3;20.8
23/08/2009;9.6;21.2
24/08/2009;9.8;19.8
25/08/2009;17.3;23.9
26/08/2009;14.6;24.4
27/08/2009;17.1;24.7
28/08/2009;16.4;26.0
29/08/2009;16.1;27.8
30/08/2009;16.8;25.4
31/08/2009;18.2;24.8
01/09/2009;17.9;31.0
02/09/2009;19.7;24.9
03/09/2009;19.1;23.6
04/09/2009;19.2;26.2
05/09/2009;19.8;24.0
06/09/2009;18.1;22.1
07/09/2009;18.5;27.4
08/09/2009;18.0;20.4
09/09/2009;15.4;17.5
10/09/2009;15.0;18.7
11/09/2009;16.6;18.4
12/09/2009;17.1;19.8
13/09/2009;17.3;24.4
14/09/2009;15.9;22.3
15/09/2009;16.9;23.1
16/09/2009;18.6;25.5
17/09/2009;19.1;24.0
18/09/2009;18.6;20.2
19/09/2009;17.1;24.2
20/09/2009;15.6;21.7
21/09/2009;16.4;20.9
22/09/2009;17.8;22.5
23/09/2009;19.4;25.4
24/09/2009;15.4;21.4
25/09/2009;14.1;23.0
26/09/2009;16.4;23.4
27/09/2009;18.2;21.4
28/09/2009;19.5;21.6
29/09/2009;13.9;16.9
30/09/2009;10.0;20.1
01/10/2009;13.1;19.0
02/10/2009;13.7;24.3
03/10/2009;16.3;20.8
04/10/2009;16.7;23.2
05/10/2009;18.9;23.3
06/10/2009;18.9;27.1
07/10/2009;18.4;22.8
08/10/2009;17.1;21.3
09/10/2009;16.0;20.8
10/10/2009;15.3;24.6
11/10/2009;18.4;24.2
12/10/2009;19.0;24.4
13/10/2009;12.6;24.7
14/10/2009;16.4;24.6
15/10/2009;18.9;24.6
16/10/2009;16.0;19.2
17/10/2009;14.1;19.8
18/10/2009;15.6;24.8
19/10/2009;17.0;23.8
20/10/2009;19.6;31.7
21/10/2009;17.0;26.6
22/10/2009;20.0;26.4
23/10/2009;19.6;27.0
24/10/2009;19.0;27.2
25/10/2009;19.6;23.6
26/10/2009;18.0;29.4
27/10/2009;17.7;22.8
28/10/2009;17.0;23.6
29/10/2009;17.8;28.9
30/10/2009;22.8;30.4
31/10/2009;22.2;30.2
01/11/2009;22.6;29.7
02/11/2009;22.7;30.1
03/11/2009;22.8;29.6
04/11/2009;21.8;31.5
05/11/2009;22.7;30.8
06/11/2009;24.2;31.5
07/11/2009;24.0;33.6
08/11/2009;21.6;24.5
09/11/2009;18.4;27.4
10/11/2009;21.7;30.4
11/11/2009;21.6;29.6
12/11/2009;21.8;30.4
13/11/2009;23.3;28.8
14/11/2009;23.6;30.0
15/11/2009;22.6;29.2
16/11/2009;20.2;26.8
17/11/2009;19.0;28.0
18/11/2009;23.3;29.1
19/11/2009;23.8;35.6
20/11/2009;23.0;27.4
21/11/2009;20.8;25.1
22/11/2009;19.8;30.0
23/11/2009;21.6;30.6
24/11/2009;24.0;28.1
25/11/2009;24.2;28.2
26/11/2009;25.0;31.6
27/11/2009;23.1;30.7
28/11/2009;24.1;30.4
29/11/2009;23.4;30.6
30/11/2009;23.4;30.6
01/12/2009;23.2;31.0
02/12/2009;22.4;31.6
03/12/2009;23.5;29.5
04/12/2009;20.6;25.0
05/12/2009;19.2;25.8
06/12/2009;21.2;28.9
07/12/2009;20.6;29.0
08/12/2009;20.4;25.2
09/12/2009;20.4;26.6
10/12/2009;21.6;26.8
11/12/2009;22.6;28.6
12/12/2009;23.4;27.4
13/12/2009;19.7;27.2
14/12/2009;18.0;27.6
15/12/2009;22.4;29.2
16/12/2009;24.2;30.2
17/12/2009;23.1;26.7
18/12/2009;20.1;26.4
19/12/2009;21.0;28.1
20/12/2009;23.4;30.1
21/12/2009;29.1;30.9
22/12/2009;24.6;31.2
23/12/2009;23.4;26.8
24/12/2009;24.4;30.5
25/12/2009;24.6;32.2
26/12/2009;24.3;32.1
27/12/2009;26.0;32.9
28/12/2009;25.5;34.3
29/12/2009;25.6;32.6
30/12/2009;26.3;34.4
31/12/2009;23.0;26.3
01/01/2010;22.2;28.2
02/01/2010;22.4;31.8
03/01/2010;24.0;30.2
04/01/2010;25.1;28.8
05/01/2010;23.9;32.0
06/01/2010;24.6;33.9
07/01/2010;23.5;27.4
08/01/2010;21.2;27.6
09/01/2010;22.9;29.9
10/01/2010;24.7;30.0
11/01/2010;24.2;31.2
12/01/2010;22.2;32.4
13/01/2010;24.2;28.2
14/01/2010;21.8;28.4
15/01/2010;22.6;28.0
16/01/2010;20.8;28.6
17/01/2010;23.1;31.3
18/01/2010;21.7;31.4
19/01/2010;24.2;32.1
20/01/2010;23.9;34.6
21/01/2010;20.1;25.0
22/01/2010;20.4;27.8
23/01/2010;21.7;28.0
24/01/2010;22.6;29.7
25/01/2010;22.4;31.4
26/01/2010;22.8;31.4
27/01/2010;22.9;31.6
27/01/2010;22.9;31.6
28/01/2010;24.6;30.3
29/01/2010;24.7;31.2
30/01/2010;24.6;32.0
31/01/2010;25.2;32.7
01/02/2010;25.5;32.8
02/02/2010;26.1;36.4
03/02/2010;26.6;34.0
04/02/2010;26.8;37.5
05/02/2010;27.4;35.5
06/02/2010;26.3;34.5
07/02/2010;26.5;36.3
08/02/2010;27.5;33.5
09/02/2010;23.8;26.8
10/02/2010;24.2;31.2
11/02/2010;23.1;31.2
12/02/2010;24.6;30.2
13/02/2010;24.6;30.6
14/02/2010;26.2;33.3
15/02/2010;23.2;33.0
16/02/2010;24.1;31.8
17/02/2010;24.1;26.6
18/02/2010;22.5;28.4
19/02/2010;22.8;31.2
20/02/2010;26.0;32.6
21/02/2010;26.0;33.8
22/02/2010;23.0;32.6
23/02/2010;24.3;34.7
24/02/2010;24.4;26.6
25/02/2010;21.0;28.0
26/02/2010;18.5;28.8
27/02/2010;20.4;29.6
28/02/2010;21.4;26.4
01/03/2010;20.5;29.0
02/03/2010;21.2;30.2
02/03/2010;21.8;30.0
03/03/2010;20.7;28.1
04/03/2010;22.3;28.2
05/03/2010;21.9;28.8
06/03/2010;19.7;24.3
07/03/2010;20.5;27.6
08/03/2010;21.3;27.5
09/03/2010;21.7;29.7
10/03/2010;22.0;32.4
11/03/2010;23.3;32.0
12/03/2010;23.1;30.6
13/03/2010;23.6;31.7
14/03/2010;23.2;28.2
15/03/2010;21.4;32.2
16/03/2010;21.5;29.0
17/03/2010;21.5;29.4
18/03/2010;22.0;30.2
19/03/2010;24.0;30.7
20/03/2010;24.2;26.8
21/03/2010;21.6;29.7
22/03/2010;24.3;33.4
23/03/2010;22.4;31.6
24/03/2010;23.9;26.4
25/03/2010;22.8;30.2
26/03/2010;22.7;26.2
27/03/2010;22.8;28.0
28/03/2010;22.6;29.0
29/03/2010;22.2;28.3
30/03/2010;19.4;29.4
31/03/2010;21.4;29.2
01/04/2010;21.2;31.5
02/04/2010;21.8;30.0
03/04/2010;22.2;30.4
04/04/2010;23.6;28.2
05/04/2010;19.7;23.9
06/04/2010;18.6;24.5
07/04/2010;17.2;23.7
08/04/2010;17.9;24.4
09/04/2010;17.4;25.4
10/04/2010;17.8;22.4
11/04/2010;17.4;26.8
12/04/2010;16.5;27.2
13/04/2010;18.6;26.3
14/04/2010;18.3;28.4
15/04/2010;21.0;27.9
16/04/2010;21.2;27.0
17/04/2010;21.0;27.9
18/04/2010;22.5;30.0
19/04/2010;21.9;29.2
20/04/2010;21.6;29.4
21/04/2010;21.7;24.1
22/04/2010;21.5;23.6
23/04/2010;19.6;21.1
24/04/2010;17.2;21.5
25/04/2010;19.6;22.9
26/04/2010;19.5;22.7
27/04/2010;19.4;25.1
28/04/2010;18.2;24.7
29/04/2010;16.5;25.6
30/04/2010;17.5;26.0
02/05/2010;16.5;26.1
03/05/2010;17.9;27.0
04/05/2010;20.7;27.3
05/05/2010;20.5;26.2
06/05/2010;19.8;26.7
07/05/2010;19.6;23.6
08/05/2010;14.0;19.5
09/05/2010;16.4;22.9
10/05/2010;15.8;23.4
11/05/2010;16.1;17.2
12/05/2010;14.6;20.7
13/05/2010;17.1;24.0
14/05/2010;15.3;25.1
15/05/2010;17.4;23.5
16/05/2010;15.8;21.8
17/05/2010;16.4;19.0
18/05/2010;16.0;22.6
19/05/2010;14.2;22.8
20/05/2010;14.2;22.9
21/05/2010;16.3;23.9
22/05/2010;20.0;22.2
23/05/2010;20.5;24.2
24/05/2010;17.5;23.0
25/05/2010;19.4;27.4
26/05/2010;18.0;23.6
27/05/2010;15.0;24.4
28/05/2010;17.6;24.6
29/05/2010;17.8;23.0
30/05/2010;19.2;22.5
31/05/2010;16.1;22.5
01/06/2010;13.5;21.8
02/06/2010;13.8;19.9
03/06/2010;16.2;22.3
04/06/2010;18.1;20.9
05/06/2010;17.2;23.7
06/06/2010;10.0;22.3
07/06/2010;10.4;24.0
08/06/2010;12.0;21.8
09/06/2010;13.3;18.3
10/06/2010;13.0;20.6
11/06/2010;13.6;22.0
12/06/2010;13.8;20.9
13/06/2010;11.8;21.0
14/06/2010;17.5;24.6
15/06/2010;16.4;23.7
16/06/2010;17.3;27.5
17/06/2010;18.2;27.6
18/06/2010;17.6;21.4
19/06/2010;17.6;28.2
20/06/2010;16.9;18.4
21/06/2010;12.6;20.1
22/06/2010;10.6;20.2
23/06/2010;9.2;20.2
24/06/2010;11.2;21.4
25/06/2010;16.2;25.2
26/06/2010;17.4;25.0
27/06/2010;18.3;24.3
28/06/2010;15.2;22.5
29/06/2010;16.3;22.0
30/06/2010;17.3;25.5
01/07/2010;17.6;23.9
02/07/2010;18.2;25.1
03/07/2010;15.2;25.9
04/07/2010;15.6;24.6
05/07/2010;15.9;25.2
06/07/2010;16.1;27.9
07/07/2010;16.1;26.5
08/07/2010;17.7;21.9
09/07/2010;17.9;23.8
10/07/2010;17.6;19.8
11/07/2010;17.4;22.4
12/07/2010;18.8;20.0
13/07/2010;7.5;
14/07/2010;8.0;18.8
15/07/2010;8.0;16.8
16/07/2010;10.2;14.4
17/07/2010;10.2;16.7
18/07/2010;10.2;19.6
19/07/2010;10.0;20.2
20/07/2010;10.0;20.0
21/07/2010;10.2;21.4
22/07/2010;10.0;17.8
24/07/2010;13.2;19.2
25/07/2010;14.6;23.5
26/07/2010;15.9;19.9
27/07/2010;12.6;19.2
28/07/2010;13.9;21.7
29/07/2010;13.9;21.7
29/07/2010;17.9;26.0
30/07/2010;16.1;24.1
31/07/2010;18.5;26.7
01/08/2010;14.5;15.9
02/08/2010;12.0;14.5
03/08/2010;10.5;13.4
04/08/2010;9.9;11.5
05/08/2010;9.8;13.7
06/08/2010;11.0;19.0
07/08/2010;12.2;21.4
08/08/2010;12.4;21.4
09/08/2010;14.0;21.0
10/08/2010;14.2;16.7
11/08/2010;14.0;18.9
12/08/2010;14.8;22.2
13/08/2010;17.4;26.2
14/08/2010;11.7;18.8
15/08/2010;9.1;19.5
16/08/2010;12.5;20.6
17/08/2010;10.5;21.2
18/08/2010;12.1;21.0
19/08/2010;14.3;23.0
20/08/2010;14.2;22.5
21/08/2010;12.2;22.6
22/08/2010;14.9;24.7
23/08/2010;16.2;24.8
24/08/2010;16.0;33.2
25/08/2010;18.2;24.6
26/08/2010;18.2;25.1
27/08/2010;19.1;23.3
28/08/2010;17.9;24.7
29/08/2010;17.6;24.6
30/08/2010;17.4;23.1
31/08/2010;19.9;25.0
01/09/2010;20.0;24.0
02/09/2010;18.2;25.1
03/09/2010;19.1;24.1
04/09/2010;18.6;25.4
05/09/2010;13.0;21.8
06/09/2010;13.9;22.8
07/09/2010;16.0;24.2
08/09/2010;16.5;23.3
09/09/2010;14.2;24.2
10/09/2010;15.1;23.6
11/09/2010;18.4;20.4
12/09/2010;17.2;21.2
13/09/2010;17.0;23.3
14/09/2010;18.2;26.8
15/09/2010;14.9;22.6
16/09/2010;13.2;23.6
17/09/2010;17.3;24.9
18/09/2010;15.7;20.5
19/09/2010;11.9;23.6
20/09/2010;16.4;20.3
21/09/2010;17.9;20.4
22/09/2010;17.9;21.3
23/09/2010;15.3;23.6
24/09/2010;18.2;24.2
25/09/2010;15.3;22.8
26/09/2010;12.0;19.8
27/09/2010;17.3;20.2
28/09/2010;18.3;20.7
29/09/2010;18.3;25.6
30/09/2010;19.8;25.9
01/10/2010;18.7;22.3
02/10/2010;16.4;20.6
03/10/2010;14.8;20.0
04/10/2010;14.1;19.1
05/10/2010;15.6;24.8
06/10/2010;17.8;25.5
07/10/2010;18.3;22.1
08/10/2010;16.2;26.0
09/10/2010;17.2;24.8
10/10/2010;15.4;21.2
11/10/2010;12.3;23.4
12/10/2010;13.8;23.2
13/10/2010;14.6;26.6
14/10/2010;17.4;23.8
15/10/2010;18.0;24.5
16/10/2010;17.1;26.9
17/10/2010;20.1;24.3
18/10/2010;16.0;23.4
19/10/2010;15.4;24.3
20/10/2010;12.8;25.6
21/10/2010;17.3;24.6
22/10/2010;20.0;24.6
23/10/2010;20.2;24.7
24/10/2010;18.2;25.5
25/10/2010;18.6;25.0
26/10/2010;17.2;24.2
27/10/2010;14.1;25.3
28/10/2010;16.1;25.6
29/10/2010;18.7;26.8
30/10/2010;19.8;27.9
31/10/2010;19.8;25.2
01/11/2010;17.0;26.2
02/11/2010;16.4;25.3
03/11/2010;16.6;27.8
04/11/2010;19.0;27.9
05/11/2010;21.8;27.1
06/11/2010;18.3;25.9
07/11/2010;18.6;26.4
08/11/2010;20.5;28.0
09/11/2010;22.9;30.6
10/11/2010;17.8;22.3
11/11/2010;13.9;23.5
12/11/2010;16.0;22.4
13/11/2010;16.2;25.0
14/11/2010;18.4;26.3
15/11/2010;18.4;25.2
16/11/2010;20.1;25.5
17/11/2010;19.6;26.9
18/11/2010;18.2;28.3
19/11/2010;17.3;27.4
20/11/2010;18.4;28.0
21/11/2010;21.4;27.8
22/11/2010;22.3;24.6
23/11/2010;20.3;26.2
24/11/2010;19.0;
25/11/2010;21.0;
26/11/2010;20.6;26.3
27/11/2010;20.4;29.1
28/11/2010;21.2;29.9
29/11/2010;21.6;27.6
30/11/2010;22.2;26.3
01/12/2010;19.2;27.6
02/12/2010;19.5;25.8
03/12/2010;20.2;31.0
04/12/2010;22.9;24.2
05/12/2010;21.2;28.3
06/12/2010;19.5;26.6
07/12/2010;20.9;23.9
08/12/2010;21.4;33.3
09/12/2010;21.3;26.9
10/12/2010;20.8;27.4
11/12/2010;21.5;29.6
12/12/2010;23.5;27.6
13/12/2010;19.0;19.4
14/12/2010;15.4;22.2
15/12/2010;16.2;26.0
16/12/2010;19.3;24.1
17/12/2010;19.2;27.2
18/12/2010;22.8;33.3
19/12/2010;22.9;
20/12/2010;24.4;28.6
21/12/2010;21.0;
23/12/2010;22.3;28.3
24/12/2010;24.1;29.3
25/12/2010;24.1;29.7
26/12/2010;23.9;28.2
27/12/2010;19.8;28.9
28/12/2010;20.8;28.2
29/12/2010;20.1;27.8
30/12/2010;20.1;28.2
31/12/2010;21.2;
01/01/2011;21.4;28.2
02/01/2011;21.4;28.9
05/01/2011;24.0;29.0
06/01/2011;23.2;31.0
07/01/2011;22.0;30.0
08/01/2011;21.2;32.9
09/01/2011;25.6;33.4
10/01/2011;24.9;30.6
11/01/2011;23.2;27.4
12/01/2011;22.2;29.9
13/01/2011;21.3;29.9
14/01/2011;22.2;32.4
15/01/2011;22.2;29.9
16/01/2011;23.8;30.1
17/01/2011;24.6;33.9
18/01/2011;25.2;30.8
19/01/2011;23.0;28.9
20/01/2011;23.6;30.7
21/01/2011;24.2;27.2
22/01/2011;23.5;31.8
24/01/2011;24.9;32.4
25/01/2011;25.9;31.9
26/01/2011;25.1;31.4
27/01/2011;25.1;33.9
28/01/2011;26.9;30.6
29/01/2011;25.1;31.5
30/01/2011;26.0;33.0
31/01/2011;24.7;32.1
01/02/2011;25.8;34.7
02/02/2011;24.4;29.5
03/02/2011;22.9;28.3
04/02/2011;23.2;32.8
05/02/2011;25.8;31.8
06/02/2011;24.4;31.8
07/02/2011;23.4;28.9
08/02/2011;25.1;31.2
09/02/2011;25.5;32.1
10/02/2011;23.3;32.2
10/02/2011;23.3;32.2
11/02/2011;23.6;28.8
12/02/2011;23.9;31.2
13/02/2011;24.4;33.2
14/02/2011;22.0;25.5
15/02/2011;22.4;24.8
16/02/2011;20.3;29.1
17/02/2011;21.9;23.1
18/02/2011;23.1;31.2
19/02/2011;24.4;30.8
20/02/2011;24.6;
21/02/2011;25.0;32.2
22/02/2011;23.3;32.0
23/02/2011;23.2;28.1
24/02/2011;23.0;28.5
25/02/2011;23.9;30.0
26/02/2011;24.8;29.8
27/02/2011;22.2;25.9
28/02/2011;22.4;27.3
01/03/2011;20.5;28.6
02/03/2011;21.2;25.8
03/03/2011;20.2;27.0
04/03/2011;19.1;28.1
05/03/2011;20.7;28.1
06/03/2011;20.8;27.1
07/03/2011;20.1;29.2
08/03/2011;21.2;29.0
09/03/2011;21.3;29.8
10/03/2011;23.3;28.4
11/03/2011;23.1;26.5
12/03/2011;24.1;26.5
13/03/2011;23.8;27.1
14/03/2011;21.5;27.0
15/03/2011;19.9;26.2
16/03/2011;17.6;27.9
17/03/2011;20.9;28.9
18/03/2011;23.4;31.8
19/03/2011;22.0;
21/03/2011;18.2;26.3
22/03/2011;21.0;28.4
23/03/2011;22.2;28.3
24/03/2011;23.2;31.5
25/03/2011;22.2;31.5
26/03/2011;23.5;26.8
27/03/2011;21.8;29.9
28/03/2011;24.2;28.2
29/03/2011;20.8;22.1
30/03/2011;20.1;24.8
31/03/2011;20.4;25.5
01/04/2011;21.1;27.0
02/04/2011;22.0;29.0
03/04/2011;18.3;27.9
04/04/2011;17.2;28.7
05/04/2011;17.8;29.0
06/04/2011;16.8;29.7
07/04/2011;16.9;27.4
08/04/2011;18.3;19.8
09/04/2011;16.0;
11/04/2011;18.0;28.0
12/04/2011;20.9;29.4
13/04/2011;21.0;31.7
14/04/2011;21.4;33.2
15/04/2011;20.4;28.4
16/04/2011;22.4;28.2
17/04/2011;21.8;28.9
18/04/2011;22.6;29.7
19/04/2011;21.1;24.1
20/04/2011;20.9;
22/04/2011;20.2;
24/04/2011;19.1;24.0
26/04/2011;16.9;26.2
27/04/2011;17.0;25.0
28/04/2011;17.4;24.2
29/04/2011;17.4;27.1
30/04/2011;19.1;26.7
03/05/2011;17.9;24.6
04/05/2011;16.2;25.8
05/05/2011;16.8;27.8
05/05/2011;6.9;18.8
06/05/2011;15.0;24.4
07/05/2011;18.6;28.5
08/05/2011;19.6;29.1
09/05/2011;19.4;22.9
10/05/2011;18.8;23.1
11/05/2011;13.8;25.6
12/05/2011;19.1;25.0
13/05/2011;18.9;24.7
14/05/2011;16.4;21.3
15/05/2011;16.0;18.3
16/05/2011;16.0;20.9
17/05/2011;12.2;21.9
18/05/2011;12.9;19.2
19/05/2011;15.1;16.6
20/05/2011;12.6;24.4
21/05/2011;17.7;25.2
22/05/2011;19.5;24.6
23/05/2011;19.0;28.2
24/05/2011;19.9;28.2
25/05/2011;20.1;28.1
26/05/2011;19.9;25.0
27/05/2011;18.0;25.1
28/05/2011;14.4;26.2
29/05/2011;13.6;23.0
30/05/2011;11.6;24.2
31/05/2011;11.1;20.2
01/06/2011;12.6;24.4
02/06/2011;12.9;22.9
03/06/2011;13.6;18.0
04/06/2011;15.0;21.8
06/06/2011;14.9;21.4
07/06/2011;15.3;18.2
08/06/2011;13.4;23.3
09/06/2011;14.7;20.6
10/06/2011;12.4;22.4
11/06/2011;10.1;21.9
12/06/2011;11.8;21.9
13/06/2011;14.0;24.5
14/06/2011;14.0;21.6
15/06/2011;14.0;22.9
16/06/2011;16.9;23.2
17/06/2011;17.8;25.4
18/06/2011;18.2;25.0
19/06/2011;16.6;23.3
20/06/2011;19.2;26.0
21/06/2011;15.2;21.5
22/06/2011;16.8;18.8
23/06/2011;16.6;20.5
24/06/2011;18.0;
26/06/2011;14.8;14.9
27/06/2011;9.1;18.9
28/06/2011;6.0;18.9
29/06/2011;7.7;15.9
30/06/2011;12.0;17.8
02/07/2011;14.1;15.2
03/07/2011;12.0;13.3
04/07/2011;5.0;15.2
05/07/2011;15.2;17.1
06/07/2011;7.6;17.3
07/07/2011;6.3;17.1
08/07/2011;6.2;18.4
09/07/2011;4.9;20.0
10/07/2011;7.6;22.0
11/07/2011;12.0;18.0
12/07/2011;14.5;23.2
13/07/2011;13.8;24.6
14/07/2011;16.2;20.4
15/07/2011;16.3;22.6
16/07/2011;14.9;23.0
17/07/2011;17.0;21.9
18/07/2011;16.4;19.1
19/07/2011;16.6;21.5
20/07/2011;17.2;20.0
21/07/2011;17.8;19.2
22/07/2011;14.1;19.2
23/07/2011;13.6;19.2
24/07/2011;15.0;22.1
25/07/2011;16.7;23.0
27/07/2011;15.4;24.1
27/07/2011;17.6;25.0
28/07/2011;16.5;22.0
29/07/2011;16.4;20.9
30/07/2011;16.6;20.9
31/07/2011;15.4;16.6
01/08/2011;14.8;19.0
02/08/2011;12.5;20.9
03/08/2011;8.9;21.1
04/08/2011;10.4;18.8
06/08/2011;9.6;23.5
07/08/2011;10.5;23.7
08/08/2011;14.8;19.2
09/08/2011;16.8;19.3
10/08/2011;16.8;19.9
11/08/2011;15.6;20.4
13/08/2011;16.3;32.4
14/08/2011;17.1;18.1
15/08/2011;15.1;21.1
16/08/2011;17.4;26.4
17/08/2011;17.4;23.4
18/08/2011;15.5;20.1
19/08/2011;16.9;23.3
20/08/2011;13.2;23.4
21/08/2011;9.8;17.0
22/08/2011;7.5;13.8
23/08/2011;10.7;14.7
24/08/2011;12.3;19.5
25/08/2011;14.3;22.4
26/08/2011;15.6;19.5
27/08/2011;14.1;19.0
28/08/2011;16.2;24.0
29/08/2011;17.9;20.0
30/08/2011;18.8;20.8
31/08/2011;15.0;21.0
01/09/2011;9.7;19.6
02/09/2011;8.2;21.2
03/09/2011;10.0;17.6
04/09/2011;16.3;22.4
05/09/2011;14.9;24.1
06/09/2011;13.2;15.1
07/09/2011;13.4;16.1
08/09/2011;14.2;17.3
09/09/2011;15.4;19.6
10/09/2011;10.4;23.2
11/09/2011;13.2;20.9
12/09/2011;12.1;22.3
13/09/2011;13.7;24.6
14/09/2011;13.9;21.3
15/09/2011;14.4;18.9
16/09/2011;16.2;18.5
17/09/2011;17.8;23.2
18/09/2011;17.6;22.4
19/09/2011;18.5;24.4
20/09/2011;18.0;23.0
21/09/2011;14.0;22.8
22/09/2011;13.3;23.9
23/09/2011;14.5;22.4
24/09/2011;20.8;24.3
25/09/2011;14.3;22.1
26/09/2011;14.3;23.1
27/09/2011;14.6;25.9
28/09/2011;14.5;25.0
29/09/2011;12.5;26.0
30/09/2011;18.7;30.9
01/10/2011;16.2;26.5
02/10/2011;19.0;24.7
03/10/2011;19.2;25.0
04/10/2011;14.1;23.0
05/10/2011;17.8;24.9
06/10/2011;17.9;26.9
07/10/2011;18.4;23.9
08/10/2011;20.9;23.7
09/10/2011;20.1;26.8
10/10/2011;20.4;25.7
11/10/2011;20.2;25.7
12/10/2011;18.9;24.7
13/10/2011;19.8;25.1
14/10/2011;19.1;30.0
15/10/2011;23.0;23.8
16/10/2011;14.5;23.1
19/10/2011;16.2;20.4
20/10/2011;17.2;21.6
21/10/2011;22.0;25.8
23/10/2011;18.3;27.5
24/10/2011;21.8;26.6
25/10/2011;20.5;26.3
26/10/2011;20.0;28.2
27/10/2011;18.7;26.9
28/10/2011;18.8;27.0
29/10/2011;20.2;25.0
30/10/2011;19.4;23.9
31/10/2011;16.5;22.5
01/11/2011;15.4;23.7
02/11/2011;14.0;23.1
03/11/2011;15.4;24.1
04/11/2011;16.0;25.0
05/11/2011;15.1;24.6
05/11/2011;19.8;26.3
06/11/2011;20.2;30.0
07/11/2011;19.2;26.9
08/11/2011;19.5;29.1
09/11/2011;21.4;28.9
10/11/2011;21.7;28.1
11/11/2011;21.5;27.2
12/11/2011;19.5;23.5
13/11/2011;18.9;21.4
14/11/2011;17.6;21.0
15/11/2011;16.8;22.0
16/11/2011;17.2;25.4
17/11/2011;12.5;30.0
18/11/2011;18.4;26.0
19/11/2011;13.5;27.0
20/11/2011;19.0;25.2
21/11/2011;20.5;24.7
22/11/2011;21.2;27.2
23/11/2011;20.0;27.4
25/11/2011;20.8;28.8
26/11/2011;21.6;28.5
27/11/2011;22.0;27.5
28/11/2011;21.7;26.1
29/11/2011;21.8;26.8
30/11/2011;21.3;30.1
01/12/2011;19.2;25.0
02/12/2011;16.5;25.0
03/12/2011;17.9;26.8
04/12/2011;18.9;27.0
05/12/2011;21.0;28.6
06/12/2011;22.0;29.8
07/12/2011;21.0;28.6
08/12/2011;22.0;28.9
09/12/2011;20.2;24.2
10/12/2011;19.0;26.6
11/12/2011;19.5;26.8
12/12/2011;22.0;29.1
13/12/2011;21.8;27.4
14/12/2011;19.4;27.8
15/12/2011;20.9;27.2
16/12/2011;18.6;31.6
17/12/2011;21.2;33.5
18/12/2011;22.0;32.5
19/12/2011;20.2;32.8
20/12/2011;23.1;32.5
21/12/2011;23.0;36.8
22/12/2011;22.4;33.1
23/12/2011;25.0;33.1
24/12/2011;24.0;30.4
25/12/2011;19.2;30.4
26/12/2011;18.8;24.2
27/12/2011;19.9;28.0
28/12/2011;19.8;28.0
29/12/2011;17.6;24.2
30/12/2011;18.8;26.4
31/12/2011;20.8;26.8
01/01/2012;20.0;21.7
02/01/2012;20.0;25.0
03/01/2012;18.3;28.4
04/01/2012;18.2;28.2
05/01/2012;21.2;29.4
06/01/2012;21.8;26.4
07/01/2012;21.2;24.0
07/01/2012;21.2;26.5
08/01/2012;21.8;26.5
09/01/2012;21.8;26.5
10/01/2012;22.2;27.8
11/01/2012;17.2;27.8
12/01/2012;23.6;30.2
13/01/2012;23.4;30.8
14/01/2012;22.8;25.6
15/01/2012;22.2;28.6
16/01/2012;21.8;28.2
17/01/2012;22.6;25.5
18/01/2012;19.5;28.0
19/01/2012;18.5;30.2
20/01/2012;20.0;31.8
21/01/2012;16.8;32.7
22/01/2012;20.0;31.8
24/01/2012;19.8;32.2
24/01/2012;19.8;32.2
25/01/2012;24.4;29.8
26/01/2012;20.8;26.9
27/01/2012;19.9;26.9
28/01/2012;18.5;24.6
29/01/2012;19.1;29.2
29/01/2012;19.0;29.2
30/01/2012;21.6;31.0
01/02/2012;23.2;31.0
02/02/2012;24.4;32.2
03/02/2012;25.4;31.6
04/02/2012;24.5;32.2
05/02/2012;26.1;32.4
06/02/2012;23.8;34.2
06/02/2012;23.0;34.2
07/02/2012;24.2;
08/02/2012;24.2;30.5
10/02/2012;22.8;25.0
11/02/2012;20.2;
13/02/2012;21.0;29.8
14/02/2012;22.8;26.5
15/02/2012;23.2;30.6
16/02/2012;24.7;30.4
17/02/2012;24.0;30.5
18/02/2012;24.8;25.0
19/02/2012;30.0;35.0
20/02/2012;20.4;32.0
21/02/2012;24.5;32.2
22/02/2012;25.0;31.0
23/02/2012;20.0;31.8
24/02/2012;23.6;30.2
25/02/2012;23.2;26.2
26/02/2012;22.0;33.4
27/02/2012;23.8;31.2
28/02/2012;24.4;30.0
29/02/2012;25.0;33.4
01/03/2012;23.8;34.5
02/03/2012;23.2;29.8
03/03/2012;22.2;32.2
04/03/2012;21.7;30.4
05/03/2012;24.6;32.2
06/03/2012;24.2;34.0
07/03/2012;24.4;33.0
08/03/2012;23.6;36.8
09/03/2012;22.8;31.4
10/03/2012;23.2;32.7
11/03/2012;19.2;31.7
12/03/2012;24.6;32.4
13/03/2012;24.0;33.6
14/03/2012;24.6;34.0
15/03/2012;23.5;27.4
16/03/2012;23.5;29.4
17/03/2012;20.0;28.4
18/03/2012;21.4;30.0
19/03/2012;21.0;30.2
20/03/2012;22.4;30.4
21/03/2012;23.0;33.8
22/03/2012;22.0;30.0
23/03/2012;20.6;30.0
24/03/2012;23.4;27.2
25/03/2012;21.5;27.2
26/03/2012;21.6;30.6
27/03/2012;22.0;30.4
28/03/2012;15.4;24.8
29/03/2012;14.0;24.8
30/03/2012;17.0;29.8
31/03/2012;16.0;29.2
01/04/2012;19.4;28.4
02/04/2012;20.0;30.4
03/04/2012;21.2;28.8
04/04/2012;21.2;30.4
05/04/2012;21.2;30.3
06/04/2012;20.7;28.4
07/04/2012;20.4;27.6
08/04/2012;22.6;29.0
09/04/2012;21.0;26.4
10/04/2012;21.2;27.6
11/04/2012;23.0;27.4
12/04/2012;23.4;30.5
13/04/2012;16.3;28.2
14/04/2012;22.2;28.4
15/04/2012;21.6;26.4
16/04/2012;18.6;27.2
17/04/2012;19.4;26.6
18/04/2012;21.1;30.0
19/04/2012;21.4;27.2
20/04/2012;22.0;29.6
21/04/2012;22.2;26.6
22/04/2012;20.0;24.8
23/04/2012;18.0;26.4
24/04/2012;18.4;21.2
25/04/2012;17.3;21.2
26/04/2012;17.6;20.2
27/04/2012;16.0;25.0
28/04/2012;17.2;20.2
29/04/2012;15.2;24.7
30/04/2012;13.4;21.6
01/05/2012;20.1;22.5
02/05/2012;20.0;25.0
02/05/2012;20.0;25.0
03/05/2012;18.0;22.9
04/05/2012;18.0;26.8
05/05/2012;16.9;27.7
06/05/2012;17.8;27.8
07/05/2012;18.0;27.4
08/05/2012;19.0;27.1
09/05/2012;19.1;27.2
10/05/2012;19.2;27.5
11/05/2012;20.1;29.6
12/05/2012;18.2;26.0
13/05/2012;16.6;25.9
14/05/2012;14.4;22.4
15/05/2012;14.0;23.8
16/05/2012;16.0;24.0
17/05/2012;15.4;22.2
18/05/2012;15.8;20.2
19/05/2012;16.8;22.7
20/05/2012;18.1;21.2
21/05/2012;18.7;26.0
22/05/2012;17.0;26.0
23/05/2012;18.0;25.4
24/05/2012;18.8;25.4
25/05/2012;18.2;20.4
26/05/2012;12.8;17.2
27/05/2012;16.7;26.4
28/05/2012;18.5;29.4
29/05/2012;20.4;34.0
30/05/2012;21.4;26.2
31/05/2012;17.0;20.2
01/06/2012;15.0;22.2
02/06/2012;15.5;24.7
03/06/2012;18.2;24.7
04/06/2012;16.2;16.4
05/06/2012;14.0;17.0
06/06/2012;12.2;19.8
07/06/2012;11.2;15.6
08/06/2012;8.1;19.8
09/06/2012;10.4;19.1
10/06/2012;12.8;20.0
11/06/2012;15.2;22.8
12/06/2012;15.4;24.4
13/06/2012;16.4;25.2
14/06/2012;15.2;26.0
15/06/2012;16.4;24.2
16/06/2012;13.2;23.2
17/06/2012;17.2;20.2
18/06/2012;18.6;21.5
19/06/2012;17.2;20.0
20/06/2012;15.2;17.2
22/06/2012;15.8;19.8
23/06/2012;14.6;21.8
24/06/2012;13.8;24.2
25/06/2012;12.4;22.2
26/06/2012;14.8;23.0
27/06/2012;15.2;23.0
28/06/2012;15.0;25.0
29/06/2012;16.0;29.8
30/06/2012;17.8;31.2
01/07/2012;17.0;31.2
02/07/2012;17.4;31.6
03/07/2012;17.0;27.2
04/07/2012;18.2;28.2
05/07/2012;19.2;29.5
07/07/2012;14.8;16.8
08/07/2012;10.8;19.4
09/07/2012;11.6;22.0
10/07/2012;13.5;21.0
11/07/2012;14.8;16.8
12/07/2012;12.3;19.0
12/07/2012;12.3;
13/07/2012;8.2;21.8
14/07/2012;8.8;23.8
15/07/2012;9.3;16.0
16/07/2012;9.2;17.4
17/07/2012;12.9;15.0
18/07/2012;12.8;18.2
19/07/2012;9.4;20.0
20/07/2012;9.8;24.0
21/07/2012;11.8;26.6
22/07/2012;12.0;22.5
23/07/2012;12.8;19.6
24/07/2012;15.8;26.8
25/07/2012;12.2;15.9
26/07/2012;12.0;23.3
27/07/2012;9.9;17.0
28/07/2012;11.7;20.0
29/07/2012;15.1;19.8
30/07/2012;13.6;19.2
31/07/2012;14.2;17.8
01/08/2012;14.1;23.9
02/08/2012;17.7;23.6
03/08/2012;17.6;27.2
04/08/2012;16.4;30.0
05/08/2012;18.8;23.8
06/08/2012;12.4;21.8
07/08/2012;12.8;23.8
08/08/2012;13.4;23.8
09/08/2012;17.2;24.8
10/08/2012;17.2;23.2
11/08/2012;16.0;23.3
12/08/2012;17.8;25.4
13/08/2012;16.8;25.4
14/08/2012;15.8;24.6
15/08/2012;14.4;22.2
16/08/2012;19.6;23.8
17/08/2012;20.0;24.9
18/08/2012;20.2;24.5
19/08/2012;19.7;23.8
20/08/2012;19.8;24.9
21/08/2012;19.0;26.0
22/08/2012;17.2;25.4
23/08/2012;19.6;26.0
24/08/2012;19.9;26.9
25/08/2012;13.8;24.6
26/08/2012;9.0;17.6
27/08/2012;9.9;18.8
28/08/2012;14.8;16.8
29/08/2012;14.9;24.0
30/08/2012;15.9;23.2
31/08/2012;16.2;25.0
01/09/2012;16.6;25.4
02/09/2012;17.0;26.2
03/09/2012;18.2;24.2
04/09/2012;14.8;23.9
05/09/2012;17.9;25.0
06/09/2012;16.6;25.0
07/09/2012;17.2;26.5
08/09/2012;14.0;27.5
09/09/2012;15.5;21.1
10/09/2012;17.8;20.9
11/09/2012;18.3;24.2
12/09/2012;16.2;24.9
13/09/2012;17.7;24.2
14/09/2012;16.7;27.0
15/09/2012;15.0;25.6
16/09/2012;15.0;27.0
17/09/2012;19.4;31.2
18/09/2012;20.9;27.4
19/09/2012;22.2;27.2
20/09/2012;15.2;23.8
21/09/2012;15.0;21.2
22/09/2012;12.0;23.9
23/09/2012;13.8;23.4
24/09/2012;17.2;25.4
25/09/2012;18.8;22.2
26/09/2012;9.4;19.9
27/09/2012;13.8;21.0
28/09/2012;13.5;21.4
29/09/2012;13.6;21.3
30/09/2012;18.0;23.2
01/10/2012;19.3;29.9
02/10/2012;16.2;24.4
03/10/2012;20.4;24.2
04/10/2012;20.0;29.9
05/10/2012;20.2;24.1
06/10/2012;20.7;26.2
07/10/2012;21.1;27.2
08/10/2012;20.2;28.2
09/10/2012;21.9;27.9
10/10/2012;21.9;24.8
11/10/2012;16.8;18.6
12/10/2012;16.6;23.0
13/10/2012;16.0;23.8
14/10/2012;17.0;23.9
15/10/2012;18.9;25.2
16/10/2012;19.9;25.0
17/10/2012;18.4;27.8
18/10/2012;17.9;24.6
19/10/2012;16.4;24.6
20/10/2012;19.4;25.4
21/10/2012;16.0;27.9
22/10/2012;21.5;27.9
23/10/2012;20.9;28.0
24/10/2012;17.2;24.6
25/10/2012;19.2;22.8
26/10/2012;18.8;24.6
27/10/2012;19.4;28.0
28/10/2012;21.5;34.4
29/10/2012;22.8;28.8
30/10/2012;23.2;31.4
31/10/2012;22.4;27.9
01/11/2012;20.2;24.8
02/11/2012;19.6;25.2
03/11/2012;19.4;27.8
04/11/2012;21.0;29.2
05/11/2012;21.8;28.2
06/11/2012;21.2;29.0
07/11/2012;23.4;29.0
08/11/2012;23.2;27.8
09/11/2012;23.5;26.2
10/11/2012;23.6;27.0
11/11/2012;22.8;31.4
12/11/2012;22.0;26.0
13/11/2012;17.9;25.6
14/11/2012;17.9;
15/11/2012;11.8;23.9
16/11/2012;17.6;25.4
17/11/2012;18.5;25.2
18/11/2012;17.2;27.0
19/11/2012;21.0;28.1
20/11/2012;22.1;31.4
21/11/2012;20.4;28.6
22/11/2012;21.4;29.1
23/11/2012;20.8;29.9
24/11/2012;23.0;29.5
25/11/2012;20.2;27.8
26/11/2012;19.0;27.2
27/11/2012;21.4;28.2
28/11/2012;20.4;33.2
29/11/2012;20.8;33.2
30/11/2012;23.0;28.3
01/12/2012;22.3;28.9
02/12/2012;22.5;28.8
03/12/2012;23.0;30.1
04/12/2012;24.1;30.6
05/12/2012;24.6;31.0
06/12/2012;24.3;32.8
07/12/2012;25.8;38.7
08/12/2012;24.1;26.6
09/12/2012;22.0;31.0
10/12/2012;24.2;31.6
11/12/2012;23.8;
12/12/2012;23.8;29.2
13/12/2012;24.2;27.0
14/12/2012;22.5;27.8
15/12/2012;22.2;27.7
15/12/2012;22.2;27.9
16/12/2012;23.2;29.2
17/12/2012;25.2;35.2
18/12/2012;23.2;32.1
19/12/2012;24.1;32.0
20/12/2012;24.2;32.1
21/12/2012;25.4;31.0
22/12/2012;21.1;27.2
23/12/2012;21.0;29.0
24/12/2012;23.4;32.0
25/12/2012;25.0;35.0
26/12/2012;28.6;39.2
27/12/2012;22.8;25.4
28/12/2012;21.6;31.0
29/12/2012;23.0;27.4
30/12/2012;22.2;30.7
31/12/2012;19.6;31.1
01/01/2013;25.3;33.1
02/01/2013;20.8;25.2
03/01/2013;20.9;27.2
04/01/2013;21.0;
08/01/2013;24.2;30.0
09/01/2013;23.2;28.8
11/01/2013;20.2;27.6
12/01/2013;19.8;27.6
13/01/2013;18.6;29.9
14/01/2013;21.2;28.4
15/01/2013;21.9;29.0
16/01/2013;21.8;29.2
19/01/2013;21.0;28.8
21/01/2013;21.2;28.8
22/01/2013;20.5;28.7
25/01/2013;25.4;34.5
26/01/2013;21.8;27.3
27/01/2013;21.2;27.0
29/01/2013;23.9;31.5
31/01/2013;31.2;31.2
06/02/2013;20.3;24.5
07/02/2013;20.0;26.8
08/02/2013;21.0;24.8
11/02/2013;24.2;33.3
12/02/2013;24.1;29.4
14/02/2013;23.5;32.2
16/02/2013;23.0;29.0
17/02/2013;24.1;34.6
18/02/2013;25.0;33.8
21/02/2013;21.7;34.9
23/02/2013;15.8;27.9
25/02/2013;25.1;33.8
27/02/2013;21.9;27.6
28/02/2013;21.5;29.1
01/03/2013;18.0;30.3
02/03/2013;24.2;30.3
04/03/2013;24.4;31.4
06/03/2013;18.8;26.1
08/03/2013;19.0;30.8
10/03/2013;22.6;32.5
12/03/2013;24.6;31.6
13/03/2013;23.9;27.3
14/03/2013;20.7;25.1
16/03/2013;20.1;24.6
18/03/2013;18.1;23.8
20/03/2013;19.8;24.1
22/03/2013;19.6;28.5
23/03/2013;20.2;27.0
24/03/2013;19.3;24.6
25/03/2013;17.6;27.2
26/03/2013;21.0;29.0
27/03/2013;20.1;27.9
29/03/2013;19.2;27.6
31/03/2013;20.9;29.0
02/04/2013;23.0;25.0
03/04/2013;21.9;25.9
05/04/2013;23.1;32.0
07/04/2013;18.2;30.2
08/04/2013;20.1;29.2
10/04/2013;19.8;25.3
11/04/2013;20.2;28.9
13/04/2013;17.5;24.9
14/04/2013;13.5;24.1
15/04/2013;13.4;26.6
17/04/2013;14.3;27.9
19/04/2013;16.6;27.2
21/04/2013;16.8;26.2
23/04/2013;17.4;27.3
25/04/2013;20.6;27.0
26/04/2013;20.6;30.0
27/04/2013;18.8;28.0
28/04/2013;19.0;27.1
29/04/2013;18.7;27.0
30/04/2013;19.3;30.0
01/05/2013;21.2;27.0
02/05/2013;17.8;29.9
03/05/2013;22.5;28.8
04/05/2013;22.6;27.1
05/05/2013;20.6;21.0
06/05/2013;14.3;24.8
07/05/2013;14.5;25.8
08/05/2013;14.5;25.8
09/05/2013;10.6;27.1
10/05/2013;12.5;25.0
11/05/2013;16.5;26.4
12/05/2013;19.4;26.3
13/05/2013;19.2;26.7
14/05/2013;20.4;28.1
15/05/2013;20.2;26.6
16/05/2013;17.1;17.4
17/05/2013;12.7;20.0
18/05/2013;15.4;21.0
19/05/2013;15.4;22.6
20/05/2013;18.6;24.3
21/05/2013;17.9;24.3
22/05/2013;18.0;20.7
23/05/2013;16.7;22.7
24/05/2013;24.9;25.1
25/05/2013;15.2;23.0
26/05/2013;15.0;23.4
27/05/2013;17.4;23.9
28/05/2013;15.6;22.2
29/05/2013;17.3;23.2
30/05/2013;16.5;23.2
01/06/2013;10.9;25.9
01/06/2013;10.9;25.9
02/06/2013;16.2;23.4
02/06/2013;16.9;
03/06/2013;16.6;24.3
04/06/2013;14.1;23.9
05/06/2013;13.1;25.7
06/06/2013;15.6;28.0
07/06/2013;16.3;23.3
08/06/2013;15.9;24.5
09/06/2013;14.7;24.7
10/06/2013;17.4;24.6
11/06/2013;15.8;24.1
12/06/2013;17.1;24.9
13/06/2013;18.2;25.2
14/06/2013;16.9;24.7
15/06/2013;17.4;19.4
16/06/2013;16.2;20.6
17/06/2013;16.2;23.8
18/06/2013;16.9;23.9
19/06/2013;18.0;27.3
20/06/2013;16.1;17.0
21/06/2013;15.3;23.0
22/06/2013;16.1;24.7
23/06/2013;11.3;21.6
24/06/2013;11.8;19.2
25/06/2013;15.5;21.0
26/06/2013;18.1;21.0
27/06/2013;14.8;18.3
28/06/2013;15.4;23.6
29/06/2013;12.0;24.4
30/06/2013;16.4;17.1
01/07/2013;14.2;19.0
02/07/2013;10.9;20.1
03/07/2013;13.1;21.2
04/07/2013;18.4;23.2
05/07/2013;16.4;24.7
06/07/2013;17.0;28.8
07/07/2013;17.6;25.5
08/07/2013;13.6;18.4
09/07/2013;15.0;18.5
10/07/2013;16.9;23.4
11/07/2013;16.9;24.1
12/07/2013;16.9;25.5
13/07/2013;15.1;27.0
14/07/2013;15.4;28.0
15/07/2013;13.4;18.7
16/07/2013;10.7;21.3
17/07/2013;11.4;25.0
18/07/2013;11.8;30.2
19/07/2013;11.1;14.3
20/07/2013;11.1;18.5
21/07/2013;13.9;22.5
22/07/2013;10.0;10.9
23/07/2013;5.6;15.4
24/07/2013;4.6;15.2
25/07/2013;8.7;17.4
26/07/2013;9.8;20.6
27/07/2013;8.2;20.2
28/07/2013;8.8;23.0
29/07/2013;9.0;22.6
30/07/2013;9.8;21.4
31/07/2013;12.8;20.2
01/08/2013;14.4;30.2
02/08/2013;15.4;31.4
03/08/2013;17.5;21.8
04/08/2013;14.8;23.0
05/08/2013;12.8;
06/08/2013;13.6;
07/08/2013;13.5;
08/08/2013;17.2;
09/08/2013;16.0;
10/08/2013;14.1;
11/08/2013;12.7;
12/08/2013;11.1;21.5
13/08/2013;13.1;20.4
14/08/2013;10.9;17.3
15/08/2013;11.4;19.4
16/08/2013;8.5;21.8
17/08/2013;13.2;19.8
18/08/2013;13.4;20.4
19/08/2013;15.6;22.9
20/08/2013;17.1;22.3
21/08/2013;17.6;23.7
22/08/2013;16.4;29.1
23/08/2013;15.3;16.6
24/08/2013;12.0;15.8
25/08/2013;13.0;18.4
26/08/2013;12.9;13.7
27/08/2013;10.6;18.1
28/08/2013;9.6;19.7
29/08/2013;10.3;21.9
30/08/2013;13.1;22.5
31/08/2013;15.4;21.9
01/09/2013;15.5;22.3
02/09/2013;15.6;27.4
04/09/2013;13.1;16.9
05/09/2013;13.9;22.2
06/09/2013;16.4;24.8
07/09/2013;16.5;24.3
08/09/2013;17.5;30.9
09/09/2013;16.6;26.3
10/09/2013;17.0;25.7
11/09/2013;16.6;25.3
12/09/2013;19.4;26.5
13/09/2013;18.3;27.9
14/09/2013;15.0;21.2
16/09/2013;20.4;21.2
17/09/2013;15.0;19.3
18/09/2013;12.4;19.3
19/09/2013;12.4;17.3
20/09/2013;15.1;19.0
21/09/2013;16.5;24.6
22/09/2013;16.3;18.7
23/09/2013;15.9;21.5
24/09/2013;16.4;23.5
25/09/2013;15.0;20.4
26/09/2013;12.3;22.1
27/09/2013;11.9;21.5
28/09/2013;14.1;19.3
29/09/2013;14.0;23.3
30/09/2013;16.8;25.1
01/10/2013;18.2;23.5
02/10/2013;17.2;
03/10/2013;19.2;22.3
04/10/2013;18.5;27.4
05/10/2013;16.2;23.8
06/10/2013;16.0;23.3
07/10/2013;15.4;22.7
08/10/2013;13.8;24.5
09/10/2013;16.9;25.1
10/10/2013;19.2;24.7
11/10/2013;19.4;25.3
12/10/2013;20.0;25.8
13/10/2013;20.8;25.9
14/10/2013;20.2;28.7
15/10/2013;20.3;26.3
16/10/2013;19.2;22.9
17/10/2013;18.8;22.2
18/10/2013;17.6;22.5
19/10/2013;12.6;27.7
20/10/2013;14.2;27.7
21/10/2013;22.0;28.6
22/10/2013;20.3;22.9
23/10/2013;18.9;25.8
24/10/2013;20.2;23.4
25/10/2013;18.3;22.6
26/10/2013;18.2;22.9
27/10/2013;19.8;25.8
28/10/2013;15.9;23.7
29/10/2013;13.6;24.9
30/10/2013;17.5;26.3
31/10/2013;18.6;24.5
01/11/2013;20.6;26.0
02/11/2013;19.7;25.4
03/11/2013;20.8;24.2
04/11/2013;18.3;22.2
06/11/2013;16.3;23.7
07/11/2013;18.3;23.4
08/11/2013;19.0;27.4
09/11/2013;21.3;28.2
10/11/2013;22.1;26.9
11/11/2013;22.9;28.3
12/11/2013;22.1;33.4
13/11/2013;19.1;30.5
14/11/2013;18.2;28.2
15/11/2013;19.0;27.1
16/11/2013;16.7;23.8
17/11/2013;15.9;26.4
18/11/2013;19.6;26.4
19/11/2013;21.2;28.1
20/11/2013;23.0;29.5
21/11/2013;23.4;31.0
22/11/2013;20.0;23.9
23/11/2013;18.4;24.7
24/11/2013;19.2;24.5
25/11/2013;20.7;26.6
26/11/2013;22.0;27.4
27/11/2013;21.6;28.6
28/11/2013;22.9;29.9
29/11/2013;19.4;
30/11/2013;19.6;21.9
01/12/2013;20.2;24.3
02/12/2013;20.9;28.9
03/12/2013;21.3;33.7
04/12/2013;15.6;29.6
05/12/2013;23.4;
06/12/2013;19.4;25.6
07/12/2013;20.0;26.1
08/12/2013;21.0;26.1
09/12/2013;20.0;26.0
10/12/2013;22.4;29.5
11/12/2013;20.4;24.5
12/12/2013;19.1;24.9
13/12/2013;19.1;28.5
14/12/2013;21.5;29.0
15/12/2013;21.6;30.0
16/12/2013;22.5;28.5
17/12/2013;21.9;27.9
18/12/2013;21.4;29.5
19/12/2013;22.1;28.4
20/12/2013;22.8;29.6
21/12/2013;21.9;22.1
22/12/2013;21.1;26.0
23/12/2013;21.0;27.8
24/12/2013;24.0;
25/12/2013;23.0;32.0
26/12/2013;24.2;29.9
27/12/2013;25.4;32.8
28/12/2013;21.3;31.8
29/12/2013;25.6;34.0
30/12/2013;27.0;33.1
31/12/2013;25.1;37.7
01/01/2014;26.7;31.8
02/01/2014;24.7;33.4
03/01/2014;26.6;31.4
04/01/2014;19.2;21.4
05/01/2014;19.2;26.0
06/01/2014;21.2;28.0
07/01/2014;24.8;29.2
08/01/2014;25.2;31.4
09/01/2014;27.2;31.0
10/01/2014;23.8;33.0
11/01/2014;23.0;33.0
12/01/2014;21.9;28.9
13/01/2014;23.4;31.2
14/01/2014;23.4;31.7
15/01/2014;24.2;33.0
16/01/2014;22.4;28.3
17/01/2014;20.9;34.0
18/01/2014;20.8;32.0
19/01/2014;23.0;33.0
20/01/2014;24.6;32.0
21/01/2014;23.4;31.0
22/01/2014;25.8;35.0
23/01/2014;25.0;34.2
24/01/2014;26.4;35.0
25/01/2014;24.9;27.4
26/01/2014;22.2;27.0
27/01/2014;23.0;32.0
28/01/2014;23.4;33.4
29/01/2014;25.2;36.1
30/01/2014;25.6;34.0
31/01/2014;26.0;33.4
01/02/2014;25.5;35.2
02/02/2014;24.6;30.0
03/02/2014;26.4;33.0
04/02/2014;27.0;33.8
05/02/2014;26.0;35.0
06/02/2014;26.4;35.4
07/02/2014;26.4;34.8
08/02/2014;27.5;35.4
09/02/2014;27.5;35.4
09/02/2014;25.6;35.6
10/02/2014;26.8;35.0
11/02/2014;27.0;34.9
12/02/2014;25.2;34.9
13/02/2014;25.0;31.0
14/02/2014;19.0;26.0
15/02/2014;19.0;27.0
16/02/2014;23.0;26.5
17/02/2014;23.0;27.0
18/02/2014;21.0;28.3
19/02/2014;19.0;30.0
20/02/2014;21.4;29.9
21/02/2014;23.9;31.2
22/02/2014;24.9;32.2
23/02/2014;24.9;29.8
24/02/2014;21.9;33.0
25/02/2014;19.8;33.8
26/02/2014;24.0;34.4
27/02/2014;23.0;29.0
28/02/2014;20.0;26.8
01/03/2014;20.4;29.2
02/03/2014;20.8;27.0
03/03/2014;19.2;28.2
04/03/2014;21.2;27.2
05/03/2014;22.2;29.2
06/03/2014;22.8;30.0
07/03/2014;20.5;31.1
08/03/2014;21.4;29.7
09/03/2014;20.0;30.2
10/03/2014;24.8;31.0
11/03/2014;20.0;28.0
12/03/2014;21.0;26.4
13/03/2014;22.8;24.0
14/03/2014;20.0;31.0
15/03/2014;24.0;31.0
16/03/2014;24.0;32.8
17/03/2014;24.9;33.6
18/03/2014;23.2;31.0
19/03/2014;22.4;30.4
20/03/2014;23.0;30.0
21/03/2014;24.0;31.4
22/03/2014;22.0;28.2
23/03/2014;15.8;21.2
24/03/2014;17.0;28.5
25/03/2014;19.0;27.0
26/03/2014;20.1;28.6
27/03/2014;22.4;28.0
28/03/2014;21.7;29.0
29/03/2014;23.0;30.6
30/03/2014;23.2;29.0
31/03/2014;20.0;29.4
01/04/2014;23.0;30.0
02/04/2014;20.0;26.2
03/04/2014;20.2;26.2
04/04/2014;21.2;28.8
05/04/2014;21.8;28.8
06/04/2014;23.4;28.4
07/04/2014;21.4;30.0
08/04/2014;22.0;29.4
09/04/2014;21.9;28.8
10/04/2014;21.3;28.0
11/04/2014;22.0;28.6
12/04/2014;24.8;27.2
13/04/2014;20.8;26.8
14/04/2014;17.6;24.2
15/04/2014;16.0;24.9
16/04/2014;16.2;24.8
17/04/2014;20.8;25.9
18/04/2014;21.2;28.0
19/04/2014;21.2;29.0
20/04/2014;20.0;24.0
21/04/2014;19.0;27.0
22/04/2014;20.2;25.4
23/04/2014;19.0;22.4
24/04/2014;19.0;23.0
25/04/2014;19.0;24.5
26/04/2014;16.5;24.0
27/04/2014;16.9;24.0
28/04/2014;16.4;24.0
29/04/2014;17.0;22.8
30/04/2014;19.2;22.8
01/05/2014;20.3;25.8
02/05/2014;15.8;25.8
03/05/2014;16.2;26.6
04/05/2014;19.8;30.0
05/05/2014;20.6;26.8
06/05/2014;21.0;27.2
07/05/2014;21.0;27.0
08/05/2014;22.4;25.0
09/05/2014;18.2;24.8
10/05/2014;17.4;22.4
11/05/2014;15.2;24.7
12/05/2014;16.0;25.0
13/05/2014;15.8;25.5
14/05/2014;19.4;24.6
15/05/2014;17.2;27.0
16/05/2014;18.5;23.0
17/05/2014;18.5;26.2
18/05/2014;18.3;26.2
19/05/2014;18.6;25.0
20/05/2014;18.0;26.6
21/05/2014;19.0;24.2
22/05/2014;20.4;23.4
23/05/2014;17.0;18.1
24/05/2014;12.6;19.3
25/05/2014;12.8;19.8
26/05/2014;16.0;19.6
27/05/2014;16.0;19.8
28/05/2014;15.2;20.9
29/05/2014;10.2;22.0
30/05/2014;11.0;23.0
31/05/2014;11.0;20.0
01/06/2014;16.0;26.4
02/06/2014;11.8;22.0
03/06/2014;9.6;22.5
04/06/2014;10.0;21.6
05/06/2014;11.8;19.0
06/06/2014;17.2;20.4
07/06/2014;17.5;22.4
08/06/2014;12.8;20.2
10/06/2014;13.0;22.5
11/06/2014;14.0;22.2
12/06/2014;17.0;23.2
13/06/2014;17.0;21.2
14/06/2014;19.8;20.0
15/06/2014;19.0;21.2
16/06/2014;19.0;27.0
17/06/2014;18.2;22.2
18/06/2014;14.2;16.0
19/06/2014;9.5;17.0
20/06/2014;10.0;19.0
21/06/2014;10.4;21.4
22/06/2014;12.8;20.8
23/06/2014;16.9;24.2
24/06/2014;17.4;25.8
25/06/2014;18.8;21.6
26/06/2014;19.8;21.0
27/06/2014;19.0;19.8
28/06/2014;18.2;20.0
29/06/2014;19.0;24.0
30/06/2014;19.0;23.4
01/07/2014;12.9;29.6
02/07/2014;19.0;21.1
03/07/2014;17.4;21.1
04/07/2014;18.9;25.5
05/07/2014;14.9;20.7
06/07/2014;18.8;24.2
07/07/2014;17.8;20.7
08/07/2014;18.0;20.7
09/07/2014;15.4;18.8
10/07/2014;16.7;19.8
11/07/2014;15.0;19.8
12/07/2014;15.1;22.4
13/07/2014;15.4;22.4
14/07/2014;17.8;23.0
15/07/2014;15.2;23.3
16/07/2014;16.6;21.2
17/07/2014;18.2;23.1
18/07/2014;14.0;28.5
19/07/2014;4.0;23.0
20/07/2014;15.1;
21/07/2014;10.4;21.4
22/07/2014;10.8;22.0
23/07/2014;11.8;22.2
23/07/2014;11.6;21.2
24/07/2014;19.6;19.4
24/07/2014;19.6;19.8
25/07/2014;13.0;20.0
25/07/2014;13.2;20.0
26/07/2014;10.6;20.4
26/07/2014;10.4;20.2
27/07/2014;11.8;18.0
28/07/2014;12.2;20.0
29/07/2014;14.6;24.0
30/07/2014;13.2;19.8
01/08/2014;17.4;21.0
02/08/2014;15.3;25.0
03/08/2014;16.0;28.0
04/08/2014;20.0;26.0
05/08/2014;10.5;21.0
06/08/2014;10.3;21.8
07/08/2014;10.8;21.0
08/08/2014;11.2;18.0
09/08/2014;11.2;18.0
10/08/2014;13.8;20.0
11/08/2014;22.8;29.4
12/08/2014;21.0;25.9
13/08/2014;13.6;18.0
14/08/2014;8.0;19.0
16/08/2014;14.0;19.2
17/08/2014;17.6;24.8
18/08/2014;18.0;23.0
19/08/2014;17.0;25.5
20/08/2014;15.5;23.4
21/08/2014;13.0;25.0
23/08/2014;17.8;23.4
24/08/2014;17.2;16.4
25/08/2014;19.0;33.0
26/08/2014;16.0;27.0
27/08/2014;11.1;22.0
28/08/2014;11.0;18.9
29/08/2014;10.5;22.6
30/08/2014;14.6;23.0
30/08/2014;14.6;23.0
01/09/2014;11.0;25.8
02/09/2014;12.4;21.0
03/09/2014;17.0;22.0
04/09/2014;15.0;21.0
05/09/2014;17.0;20.8
06/09/2014;16.8;22.0
07/09/2014;17.5;24.0
08/09/2014;17.2;25.0
09/09/2014;19.0;25.2
10/09/2014;20.0;30.0
11/09/2014;19.5;22.5
12/09/2014;19.4;22.6
13/09/2014;18.7;25.0
14/09/2014;19.2;27.9
15/09/2014;17.2;27.0
16/09/2014;17.0;25.0
17/09/2014;16.2;23.4
18/09/2014;18.2;21.0
19/09/2014;18.0;24.2
20/09/2014;18.8;26.2
21/09/2014;18.4;24.2
22/09/2014;13.0;23.0
23/09/2014;17.0;24.6
24/09/2014;19.2;21.0
25/09/2014;19.0;24.0
26/09/2014;20.0;27.0
27/09/2014;17.2;18.9
28/09/2014;17.2;20.5
29/09/2014;18.0;23.4
30/09/2014;19.1;24.7
01/10/2014;23.1;25.9
02/10/2014;16.2;24.2
03/10/2014;14.6;23.5
04/10/2014;18.5;23.0
05/10/2014;18.6;24.0
06/10/2014;17.8;24.0
07/10/2014;21.4;26.5
08/10/2014;20.0;28.0
09/10/2014;20.4;28.0
10/10/2014;23.0;31.0
11/10/2014;20.8;27.4
12/10/2014;20.8;27.4
13/10/2014;21.0;28.0
14/10/2014;19.8;24.0
15/10/2014;20.8;24.0
16/10/2014;21.8;25.0
17/10/2014;21.6;29.5
18/10/2014;20.4;29.2
19/10/2014;19.4;21.0
20/10/2014;15.4;25.0
21/10/2014;17.0;23.1
22/10/2014;17.0;25.0
23/10/2014;17.0;26.6
24/10/2014;21.6;27.4
25/10/2014;16.4;27.4
26/10/2014;15.6;28.3
27/10/2014;21.2;26.4
28/10/2014;19.8;27.4
29/10/2014;22.0;29.0
30/10/2014;21.0;30.0
31/10/2014;21.0;27.6
01/11/2014;22.2;29.0
02/11/2014;23.0;25.4
03/11/2014;23.0;29.0
04/11/2014;22.8;27.4
05/11/2014;19.4;24.2
06/11/2014;19.2;26.0
07/11/2014;21.0;27.2
08/11/2014;20.8;28.4
09/11/2014;18.4;29.4
10/11/2014;20.6;34.0
11/11/2014;21.0;28.8
12/11/2014;24.2;28.0
13/11/2014;21.0;27.0
14/11/2014;19.8;25.8
15/11/2014;23.0;26.8
16/11/2014;17.2;28.0
17/11/2014;20.0;29.0
18/11/2014;18.0;27.6
19/11/2014;18.0;27.8
19/11/2014;18.0;27.8
20/11/2014;21.6;25.0
21/11/2014;21.0;28.4
22/11/2014;22.6;32.8
23/11/2014;21.9;29.0
24/11/2014;21.4;29.0
25/11/2014;23.1;25.0
26/11/2014;21.0;27.4
27/11/2014;20.8;29.2
28/11/2014;22.2;27.8
29/11/2014;21.2;
30/11/2014;19.4;28.0
01/12/2014;24.0;30.0
02/12/2014;24.0;31.0
03/12/2014;25.0;
03/12/2014;25.0;
05/12/2014;20.0;28.8
06/12/2014;18.8;29.2
06/12/2014;18.8;29.2
07/12/2014;22.8;31.2
08/12/2014;25.0;32.6
09/12/2014;23.6;31.2
10/12/2014;24.6;30.6
11/12/2014;24.4;31.5
13/12/2014;23.0;30.8
13/12/2014;23.0;30.8
17/12/2014;20.8;29.4
18/12/2014;19.0;27.0
19/12/2014;17.0;27.2
20/12/2014;26.0;31.8
21/12/2014;26.6;30.6
22/12/2014;21.6;24.6
23/12/2014;21.6;24.0
24/12/2014;19.0;
26/12/2014;20.2;30.8
27/12/2014;20.2;28.0
28/12/2014;24.0;34.2
29/12/2014;25.2;
30/12/2014;23.4;28.0
31/12/2014;23.6;32.8
01/01/2015;25.2;36.0
01/01/2015;25.2;36.0
02/01/2015;26.6;28.1
03/01/2015;21.0;26.4
04/01/2015;21.4;29.9
05/01/2015;21.7;29.9
06/01/2015;22.0;31.3
07/01/2015;23.9;37.0
08/01/2015;24.0;35.0
09/01/2015;20.9;33.0
10/01/2015;23.9;33.9
11/01/2015;23.9;33.0
12/01/2015;23.0;38.8
13/01/2015;23.0;33.0
14/01/2015;24.3;34.0
15/01/2015;23.9;29.0
16/01/2015;20.0;30.0
17/01/2015;22.0;30.0
18/01/2015;22.0;31.0
19/01/2015;21.7;30.0
21/01/2015;22.2;25.8
22/01/2015;20.5;28.7
23/01/2015;21.0;30.0
24/01/2015;24.0;31.0
25/01/2015;28.0;33.0
26/01/2015;26.0;30.0
27/01/2015;27.0;35.0
28/01/2015;26.2;32.3
03/02/2015;23.7;31.9
04/02/2015;23.3;29.7
05/02/2015;20.5;28.4
06/02/2015;21.0;29.9
07/02/2015;21.0;29.9
08/02/2015;23.0;30.0
10/02/2015;24.2;34.3
11/02/2015;25.0;34.0
12/02/2015;24.0;36.0
13/02/2015;24.0;31.9
14/02/2015;22.2;25.4
15/02/2015;21.4;27.1
16/02/2015;20.8;27.4
17/02/2015;21.4;25.6
18/02/2015;21.8;25.6
19/02/2015;23.0;32.0
20/02/2015;27.4;31.4
21/02/2015;24.3;28.5
22/02/2015;25.0;
23/02/2015;25.0;
24/02/2015;27.0;
25/02/2015;22.0;33.0
26/02/2015;22.0;32.9
27/02/2015;23.8;32.2
28/02/2015;23.4;28.2
01/03/2015;20.8;34.0
02/03/2015;22.4;30.0
03/03/2015;24.6;30.6
04/03/2015;24.4;30.8
05/03/2015;25.4;32.2
06/03/2015;23.8;29.8
07/03/2015;25.6;28.8
08/03/2015;25.2;30.0
09/03/2015;21.8;29.8
10/03/2015;22.8;29.8
11/03/2015;22.8;27.8
12/03/2015;20.0;30.8
13/03/2015;22.0;27.8
14/03/2015;23.8;31.4
15/03/2015;18.6;23.1
16/03/2015;23.0;29.6
17/03/2015;21.0;28.8
19/03/2015;20.2;25.8
20/03/2015;22.4;30.4
21/03/2015;23.2;31.8
22/03/2015;17.0;25.0
23/03/2015;19.6;24.3
24/03/2015;19.7;29.7
25/03/2015;20.2;29.2
26/03/2015;23.0;31.6
27/03/2015;22.4;22.2
28/03/2015;20.4;23.9
29/03/2015;20.9;22.4
30/03/2015;20.1;26.1
31/03/2015;19.8;30.0
01/04/2015;19.9;28.1
02/04/2015;19.4;27.9
03/04/2015;20.5;29.2
04/04/2015;21.2;28.9
05/04/2015;22.2;24.4
06/04/2015;19.6;26.0
07/04/2015;17.6;25.9
08/04/2015;17.7;26.4
09/04/2015;18.2;28.1
10/04/2015;20.2;28.9
11/04/2015;20.2;29.7
12/04/2015;19.8;27.8
13/04/2015;20.8;27.2
14/04/2015;21.5;28.3
15/04/2015;23.4;28.4
16/04/2015;22.4;25.4
17/04/2015;21.1;25.2
18/04/2015;22.0;28.2
19/04/2015;21.7;26.9
20/04/2015;22.4;25.8
21/04/2015;21.0;27.8
22/04/2015;20.0;20.3
23/04/2015;19.0;21.9
24/04/2015;19.3;28.9
25/04/2015;18.6;25.9
26/04/2015;17.8;27.1
27/04/2015;18.9;26.5
28/04/2015;19.9;26.1
29/04/2015;19.0;23.3
30/04/2015;18.2;22.8
01/05/2015;15.2;
02/05/2015;17.2;19.4
03/05/2015;21.3;22.1
04/05/2015;16.0;24.6
05/05/2015;16.9;24.0
06/05/2015;16.3;26.2
07/05/2015;18.0;22.7
08/05/2015;14.2;22.4
09/05/2015;13.4;26.8
10/05/2015;17.2;19.4
11/05/2015;16.6;26.6
12/05/2015;18.0;22.4
13/05/2015;15.0;22.7
14/05/2015;17.3;23.8
15/05/2015;18.6;23.1
16/05/2015;18.3;
17/05/2015;19.8;25.3
18/05/2015;20.0;22.2
19/05/2015;18.8;22.9
20/05/2015;19.9;26.1
21/05/2015;20.4;24.8
22/05/2015;21.3;25.2
23/05/2015;21.2;25.8
24/05/2015;20.7;25.2
25/05/2015;19.9;20.2
26/05/2015;19.8;24.0
27/05/2015;19.9;21.4
28/05/2015;19.4;24.3
29/05/2015;15.1;23.2
30/05/2015;13.2;
31/05/2015;11.9;20.9
01/06/2015;13.4;23.3
02/06/2015;13.0;24.2
03/06/2015;15.6;25.2
04/06/2015;15.8;28.4
05/06/2015;16.1;26.6
06/06/2015;21.8;27.8
07/06/2015;19.2;31.6
08/06/2015;18.6;31.6
09/06/2015;17.4;31.0
10/06/2015;18.6;30.6
11/06/2015;21.0;25.2
12/06/2015;15.6;17.4
13/06/2015;15.4;19.7
14/06/2015;15.8;19.8
15/06/2015;14.6;20.0
16/06/2015;8.4;20.0
17/06/2015;10.1;22.8
18/06/2015;11.2;17.2
19/06/2015;11.7;19.9
20/06/2015;10.5;20.8
21/06/2015;12.3;23.1
22/06/2015;17.4;21.0
23/06/2015;17.4;19.0
24/06/2015;14.1;20.6
25/06/2015;15.2;22.3
26/06/2015;14.4;22.4
27/06/2015;15.0;23.4
28/06/2015;15.8;23.4
29/06/2015;15.1;24.8
30/06/2015;16.6;26.2
01/07/2015;14.8;22.7
02/07/2015;16.3;20.8
03/07/2015;16.9;22.8
04/07/2015;16.0;
05/07/2015;10.4;21.1
06/07/2015;13.7;20.0
07/07/2015;16.0;
08/07/2015;18.0;19.8
09/07/2015;16.8;23.9
10/07/2015;16.2;
11/07/2015;16.2;25.9
12/07/2015;17.2;23.0
13/07/2015;18.8;24.6
14/07/2015;19.3;22.9
15/07/2015;16.0;17.1
16/07/2015;15.5;18.2
17/07/2015;16.9;23.8
18/07/2015;13.7;23.1
19/07/2015;14.8;23.6
20/07/2015;18.8;24.0
21/07/2015;16.4;20.8
22/07/2015;13.4;
24/07/2015;14.7;18.1
25/07/2015;15.5;22.1
26/07/2015;14.6;23.4
27/07/2015;14.0;22.3
28/07/2015;15.3;25.0
29/07/2015;17.2;
30/07/2015;17.4;25.6
31/07/2015;16.4;24.8
01/08/2015;16.4;27.4
02/08/2015;17.6;
03/08/2015;16.8;
04/08/2015;18.1;25.2
05/08/2015;19.2;25.8
06/08/2015;19.8;24.8
07/08/2015;19.8;25.5
08/08/2015;19.6;24.9
09/08/2015;20.7;24.2
10/08/2015;19.0;24.6
11/08/2015;20.6;26.1
12/08/2015;20.1;24.4
13/08/2015;20.2;25.6
14/08/2015;19.4;
16/08/2015;19.9;25.9
17/08/2015;18.4;25.8
18/08/2015;20.1;25.8
20/08/2015;17.4;21.3
21/08/2015;15.2;20.1
22/08/2015;17.1;25.2
23/08/2015;19.8;24.2
24/08/2015;16.2;20.1
25/08/2015;15.6;20.9
26/08/2015;15.8;22.6
27/08/2015;18.4;22.9
28/08/2015;13.4;22.9
29/08/2015;16.0;
30/08/2015;16.2;28.2
31/08/2015;16.2;33.0
01/09/2015;20.4;21.8
02/09/2015;14.2;17.0
03/09/2015;15.6;
04/09/2015;16.8;19.7
05/09/2015;15.8;19.5
06/09/2015;16.6;19.3
07/09/2015;15.3;22.6
08/09/2015;17.0;22.0
09/09/2015;16.2;24.1
10/09/2015;17.2;24.6
11/09/2015;16.6;17.9
12/09/2015;11.4;21.1
13/09/2015;11.6;21.8
14/09/2015;12.2;24.1
15/09/2015;17.8;23.8
16/09/2015;19.8;29.8
17/09/2015;19.8;23.3
18/09/2015;20.6;
19/09/2015;20.2;25.9
20/09/2015;13.2;27.0
21/09/2015;19.4;27.6
22/09/2015;21.0;26.7
23/09/2015;20.6;28.3
24/09/2015;21.8;
26/09/2015;19.2;21.2
27/09/2015;18.2;22.7
28/09/2015;16.8;
30/09/2015;16.5;
01/10/2015;16.4;21.8
02/10/2015;21.0;25.9
03/10/2015;19.2;19.4
04/10/2015;15.2;19.1
05/10/2015;14.2;23.6
06/10/2015;17.0;22.2
07/10/2015;18.2;23.0
08/10/2015;19.9;23.2
09/10/2015;19.6;25.4
10/10/2015;19.2;19.9
11/10/2015;18.7;23.4
12/10/2015;18.8;26.6
13/10/2015;17.6;22.2
14/10/2015;17.2;23.4
15/10/2015;18.9;28.6
16/10/2015;20.2;20.8
17/10/2015;10.2;17.9
18/10/2015;14.2;21.2
19/10/2015;14.1;23.2
20/10/2015;18.1;24.7
21/10/2015;20.1;23.4
22/10/2015;18.4;22.1
23/10/2015;18.1;25.6
24/10/2015;17.6;24.6
25/10/2015;16.5;22.4
26/10/2015;18.4;20.7
27/10/2015;18.6;21.9
28/10/2015;20.1;22.4
29/10/2015;20.0;24.9
30/10/2015;20.9;25.5
31/10/2015;21.9;26.7
01/11/2015;19.9;21.9
02/11/2015;18.0;21.9
03/11/2015;18.0;24.9
04/11/2015;19.6;20.9
05/11/2015;18.0;19.9
06/11/2015;16.8;22.4
07/11/2015;17.9;25.3
08/11/2015;18.1;24.1
09/11/2015;19.9;27.0
10/11/2015;22.2;27.6
11/11/2015;22.6;31.3
12/11/2015;22.2;26.6
13/11/2015;22.2;26.8
14/11/2015;19.0;27.9
15/11/2015;20.2;31.2
16/11/2015;19.0;23.8
17/11/2015;19.2;26.2
18/11/2015;21.6;32.3
19/11/2015;22.8;31.2
20/11/2015;22.9;28.0
21/11/2015;18.4;25.9
22/11/2015;20.6;27.0
23/11/2015;22.0;28.0
24/11/2015;19.6;24.2
25/11/2015;20.1;25.0
26/11/2015;21.3;25.0
27/11/2015;21.3;24.4
28/11/2015;22.3;27.7
29/11/2015;18.7;24.3
30/11/2015;18.5;25.1
01/12/2015;20.2;25.2
02/12/2015;21.0;23.9
03/12/2015;21.3;23.3
04/12/2015;20.7;26.4
05/12/2015;21.6;32.6
06/12/2015;21.0;22.5
07/12/2015;19.3;23.6
08/12/2015;19.1;26.2
09/12/2015;22.4;29.3
10/12/2015;23.3;28.8
11/12/2015;21.5;30.2
12/12/2015;23.9;2.8
13/12/2015;24.1;31.5
14/12/2015;23.9;36.4
15/12/2015;24.3;31.2
16/12/2015;22.9;28.8
17/12/2015;25.5;28.4
18/12/2015;24.0;32.0
19/12/2015;23.2;28.2
20/12/2015;21.0;24.9
21/12/2015;20.4;26.4
22/12/2015;21.4;
23/12/2015;25.4;
24/12/2015;25.3;29.9
25/12/2015;26.2;25.8
26/12/2015;24.0;31.0
27/12/2015;24.8;32.1
28/12/2015;25.1;27.9
29/12/2015;23.2;29.9
30/12/2015;23.6;34.6
31/12/2015;26.0;35.2
01/01/2016;24.2;33.0
02/01/2016;22.4;25.6
03/01/2016;21.2;28.2
04/01/2016;23.5;27.5
05/01/2016;24.3;28.9
06/01/2016;24.0;29.9
07/01/2016;23.0;31.4
08/01/2016;24.3;29.9
09/01/2016;24.5;30.9
10/01/2016;24.9;27.1
11/01/2016;25.1;30.1
12/01/2016;26.1;30.4
13/01/2016;24.2;33.2
14/01/2016;24.3;30.0
15/01/2016;22.2;30.9
16/01/2016;23.1;29.9
17/01/2016;21.9;30.9
18/01/2016;23.1;31.4
19/01/2016;21.9;32.4
20/01/2016;22.1;30.5
21/01/2016;22.3;30.2
22/01/2016;21.8;29.3
23/01/2016;21.1;26.8
24/01/2016;24.1;31.2
25/01/2016;23.9;29.2
26/01/2016;25.0;35.3
27/01/2016;22.1;25.0
28/01/2016;22.3;27.0
29/01/2016;23.6;31.3
30/01/2016;23.0;33.4
31/01/2016;24.4;33.6
01/02/2016;22.8;25.6
02/02/2016;21.2;24.4
03/02/2016;21.4;26.4
04/02/2016;22.9;29.3
05/02/2016;24.0;30.2
06/02/2016;23.4;27.5
07/02/2016;22.5;28.0
08/02/2016;23.6;32.5
09/02/2016;27.4;33.9
10/02/2016;25.3;29.5
11/02/2016;22.2;30.3
12/02/2016;24.0;30.6
13/02/2016;24.5;30.0
14/02/2016;25.9;32.6
15/02/2016;24.7;30.6
16/02/2016;23.6;29.0
17/02/2016;22.9;30.2
18/02/2016;25.8;33.5
19/02/2016;24.3;31.0
20/02/2016;26.2;34.2
21/02/2016;23.1;30.5
22/02/2016;22.2;30.8
23/02/2016;24.5;29.5
24/02/2016;25.9;35.8
25/02/2016;25.6;34.9
26/02/2016;25.1;34.0
27/02/2016;27.9;35.6
28/02/2016;22.3;26.9
29/02/2016;20.0;30.2
01/03/2016;15.0;30.3
02/03/2016;21.3;27.7
03/03/2016;19.5;26.8
04/03/2016;19.8;29.4
05/03/2016;21.4;29.6
06/03/2016;21.6;31.2
07/03/2016;22.2;30.4
08/03/2016;22.3;30.4
09/03/2016;23.9;31.0
10/03/2016;22.8;29.1
11/03/2016;21.9;27.2
12/03/2016;18.5;28.0
13/03/2016;20.0;27.2
14/03/2016;19.8;26.6
15/03/2016;21.2;30.4
16/03/2016;22.3;32.1
17/03/2016;23.8;31.1
18/03/2016;24.8;31.4
19/03/2016;25.1;30.2
20/03/2016;23.1;29.0
21/03/2016;23.6;30.1
22/03/2016;23.9;33.3
23/03/2016;22.8;29.5
24/03/2016;22.1;28.5
25/03/2016;22.2;24.2
26/03/2016;19.8;29.8
27/03/2016;22.2;31.6
28/03/2016;19.4;30.8
29/03/2016;20.5;31.9
30/03/2016;21.3;29.4
31/03/2016;24.0;30.5
01/04/2016;21.7;29.7
02/04/2016;21.0;31.2
03/04/2016;24.2;33.8
04/04/2016;24.1;28.4
05/04/2016;23.5;31.4
06/04/2016;24.9;30.9
07/04/2016;25.1;32.2
08/04/2016;24.4;27.3
09/04/2016;23.5;33.4
10/04/2016;25.2;27.4
11/04/2016;22.9;24.5
12/04/2016;23.0;29.9
13/04/2016;24.0;26.9
14/04/2016;23.8;29.5
15/04/2016;22.4;31.8
16/04/2016;25.0;32.5
17/04/2016;26.2;32.3
18/04/2016;25.1;35.4
19/04/2016;24.9;32.5
20/04/2016;23.3;35.2
21/04/2016;20.4;32.4
22/04/2016;23.4;25.4
23/04/2016;22.4;31.5
24/04/2016;25.0;32.9
25/04/2016;25.4;28.5
26/04/2016;23.5;25.2
27/04/2016;12.9;21.6
28/04/2016;9.9;20.6
29/04/2016;10.8;20.6
30/04/2016;13.5;21.6
01/05/2016;11.2;24.3
02/05/2016;12.5;25.8
03/05/2016;15.2;23.4
04/05/2016;16.6;23.5
05/05/2016;16.4;23.6
06/05/2016;18.0;21.2
07/05/2016;18.4;25.9
08/05/2016;19.8;24.6
09/05/2016;19.1;24.4
10/05/2016;19.0;24.7
11/05/2016;20.2;24.5
12/05/2016;18.9;22.0
13/05/2016;17.2;24.2
14/05/2016;16.9;22.4
15/05/2016;17.2;23.1
16/05/2016;18.9;23.3
17/05/2016;12.0;22.0
18/05/2016;11.9;20.4
19/05/2016;11.5;20.0
20/05/2016;12.3;20.0
21/05/2016;15.8;21.4
22/05/2016;16.8;18.7
23/05/2016;12.4;20.2
24/05/2016;13.0;18.0
25/05/2016;13.3;21.9
26/05/2016;10.8;24.5
27/05/2016;17.1;27.5
28/05/2016;17.2;22.3
29/05/2016;19.3;21.1
30/05/2016;16.0;25.4
31/05/2016;18.6;22.9
01/06/2016;15.9;20.8
02/06/2016;16.4;20.9
03/06/2016;12.4;19.2
04/06/2016;11.9;18.5
05/06/2016;12.9;16.4
06/06/2016;13.5;15.2
07/06/2016;11.4;19.1
08/06/2016;6.8;19.9
09/06/2016;6.9;18.8
10/06/2016;6.5;19.2
11/06/2016;5.8;18.5
12/06/2016;5.2;18.3
13/06/2016;5.8;21.2
14/06/2016;7.8;22.1
15/06/2016;11.0;22.1
16/06/2016;13.8;22.7
17/06/2016;15.8;17.2
18/06/2016;12.4;14.2
19/06/2016;12.5;14.6
20/06/2016;9.5;17.4
21/06/2016;10.2;16.4
22/06/2016;12.5;19.4
23/06/2016;13.0;19.4
24/06/2016;13.4;21.1
25/06/2016;12.1;21.5
26/06/2016;13.5;23.1
27/06/2016;14.1;23.4
28/06/2016;14.8;22.0
29/06/2016;10.5;17.4
30/06/2016;14.6;
01/07/2016;15.6;20.4
02/07/2016;16.2;22.4
03/07/2016;15.8;20.8
04/07/2016;16.1;21.1
05/07/2016;15.9;21.3
06/07/2016;16.1;24.5
07/07/2016;10.9;22.9
08/07/2016;9.9;22.0
09/07/2016;12.6;20.1
10/07/2016;15.0;24.8
11/07/2016;14.3;22.6
12/07/2016;16.8;29.8
13/07/2016;16.0;22.5
14/07/2016;16.9;19.4
15/07/2016;10.5;21.2
16/07/2016;16.5;19.1
17/07/2016;8.6;16.0
18/07/2016;7.0;18.0
19/07/2016;10.5;18.0
20/07/2016;10.2;17.9
21/07/2016;9.0;18.6
22/07/2016;9.4;20.6
23/07/2016;9.4;21.0
24/07/2016;13.4;26.2
25/07/2016;13.8;23.6
26/07/2016;15.4;22.2
27/07/2016;13.4;22.4
28/07/2016;11.0;18.0
29/07/2016;10.0;18.5
30/07/2016;12.2;22.5
31/07/2016;15.4;24.3
01/08/2016;17.2;30.2
02/08/2016;15.8;20.4
03/08/2016;14.6;17.9
04/08/2016;15.4;21.4
05/08/2016;17.3;27.6
06/08/2016;18.0;27.6
07/08/2016;15.0;16.4
08/08/2016;13.3;15.8
09/08/2016;12.9;19.9
10/08/2016;11.6;21.2
11/08/2016;13.6;21.3
12/08/2016;10.1;23.0
13/08/2016;11.7;16.6
14/08/2016;9.7;26.4
15/08/2016;11.1;23.0
16/08/2016;13.2;28.0
17/08/2016;18.1;27.3
18/08/2016;16.4;21.3
19/08/2016;14.4;16.0
20/08/2016;0.0;
21/08/2016;13.9;14.9
22/08/2016;7.4;19.5
23/08/2016;8.6;22.2
24/08/2016;10.5;22.5
25/08/2016;14.1;24.5
26/08/2016;16.4;22.9
27/08/2016;17.2;24.8
28/08/2016;17.2;30.2
29/08/2016;17.3;26.8
30/08/2016;18.9;23.5
31/08/2016;19.3;27.5
01/09/2016;16.9;22.5
02/09/2016;16.3;22.4
03/09/2016;15.2;20.4
04/09/2016;18.5;20.5
05/09/2016;16.1;24.2
06/09/2016;18.1;26.6
07/09/2016;13.5;24.7
08/09/2016;12.8;24.1
09/09/2016;15.3;24.2
10/09/2016;16.6;24.8
11/09/2016;18.6;26.9
12/09/2016;19.8;24.1
13/09/2016;21.0;29.8
14/09/2016;17.7;27.5
15/09/2016;13.9;22.7
16/09/2016;15.5;23.7
17/09/2016;17.9;24.1
18/09/2016;19.6;23.3
19/09/2016;17.9;22.4
20/09/2016;11.4;24.5
21/09/2016;16.6;23.5
22/09/2016;15.9;23.5
23/09/2016;17.3;
24/09/2016;14.3;26.2
25/09/2016;13.2;26.1
26/09/2016;11.8;23.1
27/09/2016;12.3;25.1
28/09/2016;15.3;26.0
29/09/2016;15.8;23.9
30/09/2016;16.0;22.2
01/10/2016;15.2;19.6
02/10/2016;16.2;24.9
03/10/2016;16.8;19.5
04/10/2016;17.0;20.3
05/10/2016;15.2;20.8
06/10/2016;16.2;20.6
07/10/2016;15.4;23.4
08/10/2016;17.0;25.2
09/10/2016;14.3;20.3
10/10/2016;15.9;24.5
11/10/2016;16.8;22.9
12/10/2016;19.2;25.6
13/10/2016;20.6;24.5
14/10/2016;19.5;25.5
15/10/2016;19.1;25.9
16/10/2016;20.6;26.9
17/10/2016;21.8;30.3
18/10/2016;21.1;
19/10/2016;21.2;27.5
20/10/2016;21.2;31.8
21/10/2016;19.8;20.5
22/10/2016;16.8;23.5
23/10/2016;19.2;26.5
24/10/2016;20.0;25.7
25/10/2016;21.5;22.3
26/10/2016;19.0;23.6
27/10/2016;19.8;30.3
28/10/2016;14.4;25.2
29/10/2016;14.5;23.9
30/10/2016;17.1;25.3
31/10/2016;19.4;24.0
00/11/2016;15.0;31.1
01/11/2016;21.3;27.3
02/11/2016;15.0;31.1
03/11/2016;17.8;23.3
04/11/2016;17.8;26.7
05/11/2016;19.6;28.0
06/11/2016;19.5;26.2
07/11/2016;19.9;27.4
08/11/2016;21.9;29.5
09/11/2016;23.2;27.8
10/11/2016;20.4;30.8
11/11/2016;20.8;30.4
12/11/2016;18.3;24.4
13/11/2016;19.1;23.8
14/11/2016;19.2;28.8
15/11/2016;21.0;27.9
16/11/2016;21.2;27.9
17/11/2016;20.8;27.8
18/11/2016;16.8;24.6
19/11/2016;16.7;24.5
20/11/2016;16.2;26.1
21/11/2016;19.6;30.1
22/11/2016;19.6;24.3
23/11/2016;18.8;24.3
24/11/2016;15.7;28.4
25/11/2016;18.8;25.2
26/11/2016;20.6;25.9
27/11/2016;22.4;27.6
28/11/2016;23.2;34.0
29/11/2016;21.0;24.6
30/11/2016;18.5;26.4
01/12/2016;16.8;26.2
02/12/2016;20.8;25.0
03/12/2016;21.5;24.0
04/12/2016;18.4;22.7
05/12/2016;17.5;28.4
06/12/2016;17.6;30.4
07/12/2016;21.0;32.4
08/12/2016;21.6;25.5
09/12/2016;22.0;23.4
10/12/2016;20.2;28.1
11/12/2016;20.9;32.8
12/12/2016;19.2;27.3
13/12/2016;20.2;34.2
14/12/2016;20.8;25.3
15/12/2016;19.9;24.9
16/12/2016;18.3;24.6
17/12/2016;21.0;27.4
18/12/2016;22.1;28.8
19/12/2016;23.4;30.4
20/12/2016;22.9;28.5
21/12/2016;22.5;26.3
22/12/2016;23.3;31.8
23/12/2016;23.7;34.2
24/12/2016;24.2;32.1
25/12/2016;22.5;33.2
26/12/2016;24.5;32.1
27/12/2016;24.3;38.2
28/12/2016;24.4;31.1
29/12/2016;25.0;33.4
30/12/2016;25.5;29.1
31/12/2016;24.1;33.8
01/01/2017;24.2;34.8
01/01/2017;0.0;
02/01/2017;24.0;33.8
03/01/2017;24.3;31.8
04/01/2017;26.2;32.6
05/01/2017;25.2;33.8
06/01/2017;24.4;29.1
07/01/2017;23.2;28.3
08/01/2017;23.9;34.5
09/01/2017;25.1;33.3
10/01/2017;23.7;35.2
11/01/2017;24.5;29.7
12/01/2017;22.9;29.9
13/01/2017;20.2;
15/01/2017;23.4;33.5
16/01/2017;24.9;33.6
17/01/2017;25.5;32.3
18/01/2017;24.1;32.9
19/01/2017;23.4;29.9
20/01/2017;21.5;30.3
21/01/2017;22.2;30.0
22/01/2017;22.2;32.1
23/01/2017;22.5;30.9
24/01/2017;23.7;33.1
25/01/2017;22.6;32.4
26/01/2017;22.7;29.9
27/01/2017;20.9;28.8
28/01/2017;21.7;26.1
29/01/2017;22.1;28.7
30/01/2017;23.4;29.6
31/01/2017;25.5;25.8
01/02/2017;22.8;26.9
02/02/2017;23.0;30.7
03/02/2017;24.8;30.4
04/02/2017;24.0;33.9
05/02/2017;25.0;33.5
06/02/2017;24.8;31.2
07/02/2017;23.4;27.4
08/02/2017;23.0;27.1
09/02/2017;23.4;30.4
10/02/2017;23.2;31.4
11/02/2017;23.8;31.9
12/02/2017;24.2;29.8
13/02/2017;24.0;28.8
14/02/2017;25.3;31.2
15/02/2017;25.9;33.0
16/02/2017;25.7;32.5
17/02/2017;26.3;31.9
18/02/2017;25.1;31.9
19/02/2017;26.1;32.9
20/02/2017;26.0;33.7
21/02/2017;26.4;32.1
22/02/2017;25.6;32.1
23/02/2017;25.1;33.8
24/02/2017;23.6;34.0
25/02/2017;23.0;33.4
26/02/2017;24.4;31.2
27/02/2017;23.4;31.8
28/02/2017;23.9;34.6
01/03/2017;24.8;30.8
02/03/2017;25.7;34.8
03/03/2017;25.7;
06/03/2017;23.4;29.8
07/03/2017;22.8;32.4
08/03/2017;22.5;29.2
09/03/2017;23.8;28.8
10/03/2017;25.2;38.4
11/03/2017;23.7;30.3
12/03/2017;24.8;31.6
13/03/2017;21.6;27.7
14/03/2017;20.0;28.8
15/03/2017;21.8;30.4
16/03/2017;24.4;29.8
17/03/2017;21.8;26.0
18/03/2017;18.8;27.5
19/03/2017;20.2;24.7
20/03/2017;20.1;27.8
21/03/2017;20.4;26.7
22/03/2017;20.8;26.6
23/03/2017;20.6;26.4
24/03/2017;20.9;29.4
25/03/2017;19.8;28.9
26/03/2017;21.4;28.4
27/03/2017;21.7;27.9
28/03/2017;21.5;24.1
29/03/2017;20.3;27.0
30/03/2017;18.8;27.8
31/03/2017;19.9;27.2
01/04/2017;20.7;27.0
02/04/2017;20.0;23.2
03/04/2017;21.0;24.5
04/04/2017;20.5;28.1
05/04/2017;22.9;26.6
06/04/2017;21.9;27.1
07/04/2017;20.4;26.6
08/04/2017;21.5;26.6
09/04/2017;22.6;29.2
10/04/2017;22.4;28.9
11/04/2017;23.3;29.7
12/04/2017;19.6;25.6
13/04/2017;18.2;25.4
14/04/2017;19.2;27.7
15/04/2017;22.3;29.8
16/04/2017;22.3;25.1
17/04/2017;19.7;25.0
18/04/2017;19.4;24.4
19/04/2017;19.5;26.2
20/04/2017;19.4;27.1
21/04/2017;21.4;26.5
22/04/2017;20.2;25.9
23/04/2017;15.8;26.8
24/04/2017;17.5;25.5
25/04/2017;20.1;24.4
26/04/2017;22.3;24.7
27/04/2017;13.2;22.4
28/04/2017;12.4;24.4
29/04/2017;12.6;26.0
30/04/2017;14.2;26.5
01/05/2017;15.1;25.6
02/05/2017;18.6;25.2
03/05/2017;19.6;26.6
04/05/2017;19.8;
05/05/2017;19.4;23.8
06/05/2017;18.3;26.5
07/05/2017;20.2;27.1
08/05/2017;19.2;26.5
09/05/2017;19.2;27.5
10/05/2017;19.6;26.4
11/05/2017;17.9;
13/05/2017;21.9;25.7
14/05/2017;19.4;27.5
15/05/2017;15.8;26.2
16/05/2017;16.0;25.7
17/05/2017;16.2;25.0
18/05/2017;18.5;21.9
19/05/2017;17.8;22.0
20/05/2017;18.1;24.1
21/05/2017;20.4;22.2
22/05/2017;18.0;25.0
23/05/2017;16.0;21.3
24/05/2017;18.7;25.6
25/05/2017;19.5;25.4
26/05/2017;21.3;28.7
27/05/2017;20.3;21.6
28/05/2017;18.4;21.2
29/05/2017;18.8;25.6
30/05/2017;18.1;19.2
31/05/2017;17.2;19.3
01/06/2017;17.4;25.8
02/06/2017;15.2;23.8
03/06/2017;15.0;21.2
04/06/2017;16.4;21.3
05/06/2017;18.1;21.1
06/06/2017;18.6;21.6
07/06/2017;18.8;21.9
08/06/2017;19.3;26.8
09/06/2017;17.9;21.7
10/06/2017;9.7;20.8
11/06/2017;10.2;25.1
12/06/2017;11.2;22.1
13/06/2017;12.3;
14/06/2017;13.1;
15/06/2017;15.0;24.0
16/06/2017;16.0;24.3
17/06/2017;17.7;27.4
18/06/2017;17.5;29.8
19/06/2017;14.0;14.3
20/06/2017;11.9;18.0
21/06/2017;12.8;20.2
22/06/2017;15.2;24.9
23/06/2017;18.4;24.9
24/06/2017;17.5;24.7
25/06/2017;19.7;24.6
26/06/2017;15.0;24.4
27/06/2017;16.4;25.6
28/06/2017;17.0;17.6
29/06/2017;14.8;27.8
30/06/2017;16.0;24.2
01/07/2017;16.0;21.4
02/07/2017;11.9;
03/07/2017;10.8;21.4
04/07/2017;13.2;21.8
05/07/2017;14.2;21.6
06/07/2017;15.6;24.0
07/07/2017;16.2;24.2
08/07/2017;18.3;24.3
09/07/2017;16.8;24.6
10/07/2017;17.8;22.2
11/07/2017;17.8;26.6
12/07/2017;17.2;22.0
13/07/2017;16.6;20.0
14/07/2017;17.2;25.1
15/07/2017;19.6;24.4
16/07/2017;16.8;27.4
17/07/2017;14.2;14.8
18/07/2017;7.2;16.8
19/07/2017;6.2;19.2
20/07/2017;7.4;22.8
21/07/2017;12.2;
22/07/2017;10.6;
23/07/2017;11.6;
24/07/2017;16.8;25.6
25/07/2017;16.8;30.0
26/07/2017;16.8;26.6
27/07/2017;15.2;25.2
28/07/2017;17.2;24.6
29/07/2017;17.6;25.0
30/07/2017;19.2;25.8
31/07/2017;17.4;26.1
01/08/2017;18.1;28.7
02/08/2017;16.8;29.0
03/08/2017;16.5;21.8
04/08/2017;16.0;21.3
05/08/2017;13.5;23.7
06/08/2017;16.0;22.1
07/08/2017;16.7;23.8
08/08/2017;18.0;26.2
09/08/2017;15.8;23.8
10/08/2017;13.4;24.0
11/08/2017;15.8;20.0
12/08/2017;17.9;22.1
13/08/2017;18.6;20.6
14/08/2017;15.9;23.2
15/08/2017;16.5;
16/08/2017;17.0;24.3
17/08/2017;15.5;23.4
18/08/2017;14.2;24.7
19/08/2017;18.1;22.5
20/08/2017;17.2;18.8
21/08/2017;10.3;20.3
22/08/2017;10.5;21.6
23/08/2017;13.5;19.4
24/08/2017;17.6;24.3
25/08/2017;17.9;25.0
26/08/2017;18.9;23.9
27/08/2017;19.2;22.9
28/08/2017;15.8;25.1
29/08/2017;19.1;25.3
30/08/2017;19.4;23.2
31/08/2017;17.4;24.3
01/09/2017;14.8;22.3
02/09/2017;18.9;23.0
03/09/2017;18.5;24.3
04/09/2017;19.4;25.8
05/09/2017;19.5;26.0
06/09/2017;18.2;23.4
07/09/2017;19.3;26.4
09/09/2017;19.9;25.0
10/09/2017;20.0;25.3
12/09/2017;20.9;25.3
14/09/2017;22.1;26.6
15/09/2017;20.3;26.4
16/09/2017;20.1;26.1
17/09/2017;19.9;21.0
18/09/2017;18.8;24.4
19/09/2017;19.6;26.2
20/09/2017;20.4;26.9
21/09/2017;20.6;27.1
22/09/2017;20.6;28.1
23/09/2017;19.8;24.7
24/09/2017;19.1;21.9
25/09/2017;19.0;25.9
26/09/2017;19.7;26.7
27/09/2017;20.3;28.0
28/09/2017;20.8;22.8
29/09/2017;16.7;19.3
30/09/2017;17.1;23.2
01/10/2017;18.8;29.1
02/10/2017;19.7;26.1
03/10/2017;15.4;26.4
04/10/2017;14.2;27.2
05/10/2017;18.5;25.3
06/10/2017;20.1;27.9
07/10/2017;20.1;24.4
08/10/2017;17.9;21.8
09/10/2017;18.1;25.6
10/10/2017;19.6;27.7
11/10/2017;21.4;27.0
12/10/2017;20.0;24.9
13/10/2017;21.8;27.3
14/10/2017;20.5;22.3
15/10/2017;18.1;24.0
16/10/2017;17.6;25.5
17/10/2017;19.9;25.9
18/10/2017;21.5;25.9
19/10/2017;21.9;28.3
20/10/2017;19.7;25.1
21/10/2017;20.0;22.8
22/10/2017;19.2;23.0
23/10/2017;15.0;23.8
24/10/2017;13.3;25.6
25/10/2017;19.5;23.2
26/10/2017;21.0;28.3
27/10/2017;21.8;31.1
28/10/2017;22.1;31.2
29/10/2017;18.4;26.6
30/10/2017;21.6;25.5
31/10/2017;21.4;26.1
01/11/2017;16.9;26.8
02/11/2017;15.6;26.2
03/11/2017;20.6;24.8
04/11/2017;19.2;22.4
05/11/2017;18.8;24.3
06/11/2017;18.6;24.5
07/11/2017;18.4;26.6
08/11/2017;19.9;24.2
09/11/2017;18.9;25.6
10/11/2017;21.3;26.3
11/11/2017;15.8;29.6
12/11/2017;17.1;27.0
13/11/2017;17.0;28.1
14/11/2017;16.3;29.4
15/11/2017;20.4;27.8
16/11/2017;22.0;34.0
17/11/2017;19.2;26.8
18/11/2017;20.9;25.5
19/11/2017;19.5;24.4
20/11/2017;17.4;27.2
21/11/2017;15.6;27.4
22/11/2017;19.1;28.2
23/11/2017;18.0;24.6
24/11/2017;19.5;29.8
25/11/2017;20.4;19.9
26/11/2017;19.9;29.6
27/11/2017;20.8;28.9
28/11/2017;19.9;
29/11/2017;20.8;26.3
30/11/2017;19.9;22.5
01/12/2017;21.1;26.0
02/12/2017;20.2;28.4
03/12/2017;21.4;28.1
04/12/2017;21.4;30.4
05/12/2017;22.0;29.2
06/12/2017;22.4;24.5
07/12/2017;22.3;29.0
08/12/2017;22.0;27.9
09/12/2017;20.1;29.2
10/12/2017;20.6;32.2
11/12/2017;23.0;28.1
12/12/2017;20.1;26.6
13/12/2017;21.3;27.9
14/12/2017;22.9;29.5
15/12/2017;23.2;30.2
16/12/2017;22.3;30.7
17/12/2017;24.4;31.6
18/12/2017;22.9;26.0
19/12/2017;21.2;25.0
20/12/2017;22.6;27.3
21/12/2017;21.4;28.7
22/12/2017;22.0;31.7
23/12/2017;24.5;31.1
24/12/2017;24.6;33.6
25/12/2017;20.7;25.5
26/12/2017;21.2;25.8
27/12/2017;21.8;25.8
28/12/2017;23.2;27.6
29/12/2017;22.6;24.6
30/12/2017;20.6;25.8
31/12/2017;21.6;28.6
